[289月2025 19:29:43.855] [main/INFO] [cpw.mods.modlauncher.Launcher/MODLAUNCHER]: ModLauncher running: args [--launchTarget, forgedatauserdev, --assetIndex, 5, --assetsDir, E:\Users\97320\.gradle\caches\forge_gradle\assets, --gameDir, ., --fml.forgeVersion, 47.3.22, --fml.mcVersion, 1.20.1, --fml.forgeGroup, net.minecraftforge, --fml.mcpVersion, 20230612.114412, --mod, goetydelight, --all, --output, E:\Project\Java\GoetyDelight\GoetyDelight-1.20.1-forge\src\generated\resources, --existing, E:\Project\Java\GoetyDelight\GoetyDelight-1.20.1-forge\src\main\resources, --mixin.config, mixins.goetydelight.json]
[289月2025 19:29:43.861] [main/INFO] [cpw.mods.modlauncher.Launcher/MODLAUNCHER]: ModLauncher 10.0.9+10.0.9+main.dcd20f30 starting: java version 17.0.10 by JetBrains s.r.o.; OS Windows 11 arch amd64 version 10.0
[289月2025 19:29:44.168] [main/INFO] [net.minecraftforge.fml.loading.ImmediateWindowHandler/]: ImmediateWindowProvider not loading because launch target is forgedatauserdev
[289月2025 19:29:44.208] [main/INFO] [mixin/]: SpongePowered MIXIN Subsystem Version=0.8.5 Source=union:/E:/Users/97320/.gradle/caches/modules-2/files-2.1/org.spongepowered/mixin/0.8.5/9d1c0c3a304ae6697ecd477218fa61b850bf57fc/mixin-0.8.5.jar%23128!/ Service=ModLauncher Env=CLIENT
[289月2025 19:29:44.471] [main/WARN] [net.minecraftforge.fml.loading.moddiscovery.ModFileParser/LOADING]: Mod file E:\Users\97320\.gradle\caches\modules-2\files-2.1\net.minecraftforge\javafmllanguage\1.20.1-47.3.22\9a1d96e9108940786d846c8cc0dac07100e79f56\javafmllanguage-1.20.1-47.3.22.jar is missing mods.toml file
[289月2025 19:29:44.475] [main/WARN] [net.minecraftforge.fml.loading.moddiscovery.ModFileParser/LOADING]: Mod file E:\Users\97320\.gradle\caches\modules-2\files-2.1\net.minecraftforge\lowcodelanguage\1.20.1-47.3.22\2529f2c27d8f8a63ee54efc81fdfc3cea2d43c8\lowcodelanguage-1.20.1-47.3.22.jar is missing mods.toml file
[289月2025 19:29:44.478] [main/WARN] [net.minecraftforge.fml.loading.moddiscovery.ModFileParser/LOADING]: Mod file E:\Users\97320\.gradle\caches\modules-2\files-2.1\net.minecraftforge\mclanguage\1.20.1-47.3.22\2de14adfd8715f1956007499d8d75c6a4e6fa872\mclanguage-1.20.1-47.3.22.jar is missing mods.toml file
[289月2025 19:29:44.481] [main/WARN] [net.minecraftforge.fml.loading.moddiscovery.ModFileParser/LOADING]: Mod file E:\Users\97320\.gradle\caches\modules-2\files-2.1\net.minecraftforge\fmlcore\1.20.1-47.3.22\cf26aeb747e0d323f8eed9b00ebfb783282d5837\fmlcore-1.20.1-47.3.22.jar is missing mods.toml file
[289月2025 19:29:45.391] [main/INFO] [net.minecraftforge.fml.loading.moddiscovery.JarInJarDependencyLocator/]: Found 27 dependencies adding them to mods collection
[289月2025 19:29:49.183] [main/WARN] [mixin/]: Compatibility level JAVA_17 specified by mixins.goetydelight.json is higher than the maximum level supported by this version of mixin (JAVA_13).
[289月2025 19:29:49.183] [main/INFO] [mixin/]: Compatibility level set to JAVA_17
[289月2025 19:29:49.183] [main/ERROR] [mixin/]: Mixin config mixins.goetydelight.json does not specify "minVersion" property
[289月2025 19:29:49.188] [main/WARN] [mixin/]: Compatibility level JAVA_16 specified by lithium.mixins.json is higher than the maximum level supported by this version of mixin (JAVA_13).
[289月2025 19:29:49.190] [main/WARN] [mixin/]: Compatibility level JAVA_16 specified by mobbattle.mixins.json is higher than the maximum level supported by this version of mixin (JAVA_13).
[289月2025 19:29:49.205] [main/WARN] [mixin/]: Compatibility level JAVA_16 specified by badpackets.mixins.json is higher than the maximum level supported by this version of mixin (JAVA_13).
[289月2025 19:29:49.210] [main/INFO] [mixin/]: Compatibility level JAVA_8 specified by invalidsidelogger.mixins.json is lower than the default level supported by the current mixin service (JAVA_16).
[289月2025 19:29:49.216] [main/WARN] [mixin/]: Compatibility level JAVA_16 specified by dummmmmmy.mixins.json is higher than the maximum level supported by this version of mixin (JAVA_13).
[289月2025 19:29:49.229] [main/WARN] [mixin/]: Compatibility level JAVA_16 specified by wthit.mixins.json is higher than the maximum level supported by this version of mixin (JAVA_13).
[289月2025 19:29:49.241] [main/INFO] [mixin/]: Compatibility level JAVA_8 specified by mixins.oculus.json is lower than the default level supported by the current mixin service (JAVA_16).
[289月2025 19:29:49.244] [main/INFO] [mixin/]: Compatibility level JAVA_8 specified by mixins.oculus.fantastic.json is lower than the default level supported by the current mixin service (JAVA_16).
[289月2025 19:29:49.245] [main/INFO] [mixin/]: Compatibility level JAVA_8 specified by mixins.oculus.vertexformat.json is lower than the default level supported by the current mixin service (JAVA_16).
[289月2025 19:29:49.246] [main/INFO] [mixin/]: Compatibility level JAVA_8 specified by mixins.oculus.bettermipmaps.json is lower than the default level supported by the current mixin service (JAVA_16).
[289月2025 19:29:49.247] [main/INFO] [mixin/]: Compatibility level JAVA_8 specified by mixins.oculus.fixes.maxfpscrash.json is lower than the default level supported by the current mixin service (JAVA_16).
[289月2025 19:29:49.249] [main/INFO] [mixin/]: Compatibility level JAVA_8 specified by oculus-batched-entity-rendering.mixins.json is lower than the default level supported by the current mixin service (JAVA_16).
[289月2025 19:29:49.250] [main/INFO] [mixin/]: Compatibility level JAVA_8 specified by mixins.oculus.compat.sodium.json is lower than the default level supported by the current mixin service (JAVA_16).
[289月2025 19:29:49.251] [main/INFO] [mixin/]: Compatibility level JAVA_8 specified by mixins.oculus.compat.indigo.json is lower than the default level supported by the current mixin service (JAVA_16).
[289月2025 19:29:49.252] [main/INFO] [mixin/]: Compatibility level JAVA_8 specified by mixins.oculus.compat.indium.json is lower than the default level supported by the current mixin service (JAVA_16).
[289月2025 19:29:49.253] [main/INFO] [mixin/]: Compatibility level JAVA_8 specified by mixins.oculus.compat.dh.json is lower than the default level supported by the current mixin service (JAVA_16).
[289月2025 19:29:49.255] [main/INFO] [mixin/]: Compatibility level JAVA_8 specified by mixins.oculus.compat.pixelmon.json is lower than the default level supported by the current mixin service (JAVA_16).
[289月2025 19:29:49.258] [main/INFO] [mixin/]: Compatibility level JAVA_8 specified by ftbultimine-common.mixins.json is lower than the default level supported by the current mixin service (JAVA_16).
[289月2025 19:29:49.260] [main/WARN] [mixin/]: Compatibility level JAVA_16 specified by architectury.mixins.json is higher than the maximum level supported by this version of mixin (JAVA_13).
[289月2025 19:29:49.261] [main/WARN] [mixin/]: Compatibility level JAVA_16 specified by architectury-common.mixins.json is higher than the maximum level supported by this version of mixin (JAVA_13).
[289月2025 19:29:49.262] [main/INFO] [mixin/]: Compatibility level JAVA_8 specified by ftblibrary-common.mixins.json is lower than the default level supported by the current mixin service (JAVA_16).
[289月2025 19:29:49.268] [main/WARN] [mixin/]: Compatibility level JAVA_16 specified by particle_core.mixins.json is higher than the maximum level supported by this version of mixin (JAVA_13).
[289月2025 19:29:49.347] [main/INFO] [mixin/]: Attempting to load Fernflower decompiler (Threaded mode)
[289月2025 19:29:49.348] [main/INFO] [mixin/]: Fernflower could not be loaded, exported classes will not be decompiled. NoClassDefFoundError: org/jetbrains/java/decompiler/main/extern/IResultSaver
[289月2025 19:29:49.900] [main/INFO] [mixin/]: Preparing mixins for MixinEnvironment[PREINIT]
[289月2025 19:29:49.905] [main/INFO] [mixin/]: Successfully loaded Mixin Connector [ca.spottedleaf.starlight.mixin.MixinConnector]
[289月2025 19:29:49.905] [main/INFO] [cpw.mods.modlauncher.LaunchServiceHandler/MODLAUNCHER]: Launching target 'forgedatauserdev' with arguments [--gameDir, ., --assetsDir, E:\Users\97320\.gradle\caches\forge_gradle\assets, --assetIndex, 5, --mod, goetydelight, --all, --output, E:\Project\Java\GoetyDelight\GoetyDelight-1.20.1-forge\src\generated\resources, --existing, E:\Project\Java\GoetyDelight\GoetyDelight-1.20.1-forge\src\main\resources]
[289月2025 19:29:49.907] [main/INFO] [mixin/]: Preparing mixins for MixinEnvironment[DEFAULT]
[289月2025 19:29:49.907] [main/INFO] [mixin/]: Selecting config mixins.goetydelight.json
[289月2025 19:29:49.918] [main/WARN] [mixin/]: Reference map 'refmap.goetydelight.json' for mixins.goetydelight.json could not be read. If this is a development environment you can ignore this message
[289月2025 19:29:49.918] [main/INFO] [mixin/]: Selecting config saturn.mixins.json
[289月2025 19:29:49.931] [main/INFO] [com.abdelaziz.saturn.common.Saturn/]: Loaded Saturn config file with 4 configurable options
[289月2025 19:29:50.127] [main/INFO] [mixin/]: Remapping refMap saturn.refmap.json using E:\Project\Java\GoetyDelight\GoetyDelight-1.20.1-forge\build\createSrgToMcp\output.srg
[289月2025 19:29:50.128] [main/INFO] [mixin/]: Selecting config lithium.mixins.json
[289月2025 19:29:50.156] [main/INFO] [Radium Config/]: Loaded configuration file for Radium: 125 options available, 1 override(s) found
[289月2025 19:29:50.160] [main/INFO] [mixin/]: Remapping refMap mixins.lithium.refmap.json using E:\Project\Java\GoetyDelight\GoetyDelight-1.20.1-forge\build\createSrgToMcp\output.srg
[289月2025 19:29:50.160] [main/INFO] [mixin/]: Selecting config mobbattle.mixins.json
[289月2025 19:29:50.161] [main/INFO] [mixin/]: Remapping refMap mobbattle-common-refmap.json using E:\Project\Java\GoetyDelight\GoetyDelight-1.20.1-forge\build\createSrgToMcp\output.srg
[289月2025 19:29:50.161] [main/INFO] [mixin/]: Selecting config mixins.sodiumextras.json
[289月2025 19:29:50.162] [main/INFO] [mixin/]: Remapping refMap sodiumextras-forge-1.20.1-forge-refmap.json using E:\Project\Java\GoetyDelight\GoetyDelight-1.20.1-forge\build\createSrgToMcp\output.srg
[289月2025 19:29:50.162] [main/INFO] [mixin/]: Selecting config attributefix.mixins.json
[289月2025 19:29:50.163] [main/INFO] [mixin/]: Remapping refMap attributefix.refmap.json using E:\Project\Java\GoetyDelight\GoetyDelight-1.20.1-forge\build\createSrgToMcp\output.srg
[289月2025 19:29:50.163] [main/INFO] [mixin/]: Selecting config flerovium.mixins.json
[289月2025 19:29:50.165] [main/INFO] [mixin/]: Remapping refMap flerovium.refmap.json using E:\Project\Java\GoetyDelight\GoetyDelight-1.20.1-forge\build\createSrgToMcp\output.srg
[289月2025 19:29:50.165] [main/INFO] [mixin/]: Selecting config xaeroworldmap.mixins.json
[289月2025 19:29:50.166] [main/INFO] [mixin/]: Remapping refMap xaeroworldmap.refmap.json using E:\Project\Java\GoetyDelight\GoetyDelight-1.20.1-forge\build\createSrgToMcp\output.srg
[289月2025 19:29:50.166] [main/INFO] [mixin/]: Selecting config xaeroworldmap.forge.mixins.json
[289月2025 19:29:50.167] [main/INFO] [mixin/]: Remapping refMap xaeroworldmap.refmap.json using E:\Project\Java\GoetyDelight\GoetyDelight-1.20.1-forge\build\createSrgToMcp\output.srg
[289月2025 19:29:50.167] [main/INFO] [mixin/]: Selecting config goety.mixins.json
[289月2025 19:29:50.168] [main/INFO] [mixin/]: Remapping refMap goety.refmap.json using E:\Project\Java\GoetyDelight\GoetyDelight-1.20.1-forge\build\createSrgToMcp\output.srg
[289月2025 19:29:50.168] [main/INFO] [mixin/]: Selecting config citadel.mixins.json
[289月2025 19:29:50.169] [main/INFO] [mixin/]: Remapping refMap citadel.refmap.json using E:\Project\Java\GoetyDelight\GoetyDelight-1.20.1-forge\build\createSrgToMcp\output.srg
[289月2025 19:29:50.169] [main/INFO] [mixin/]: Selecting config badpackets.mixins.json
[289月2025 19:29:50.170] [main/INFO] [mixin/]: Remapping refMap badpackets.refmap.json using E:\Project\Java\GoetyDelight\GoetyDelight-1.20.1-forge\build\createSrgToMcp\output.srg
[289月2025 19:29:50.170] [main/INFO] [mixin/]: Selecting config mixinextras.init.mixins.json
[289月2025 19:29:50.242] [main/INFO] [mixin/]: Selecting config starlight.mixins.json
[289月2025 19:29:50.243] [main/INFO] [mixin/]: Remapping refMap starlight.refmap.json using E:\Project\Java\GoetyDelight\GoetyDelight-1.20.1-forge\build\createSrgToMcp\output.srg
[289月2025 19:29:50.243] [main/INFO] [mixin/]: Selecting config invalidsidelogger.mixins.json
[289月2025 19:29:50.254] [main/WARN] [mixin/]: Reference map 'InvalidSideLogger.refmap.json' for invalidsidelogger.mixins.json could not be read. If this is a development environment you can ignore this message
[289月2025 19:29:50.254] [main/INFO] [mixin/]: Selecting config mixins.sodiumoptionsapi.json
[289月2025 19:29:50.255] [main/INFO] [mixin/]: Remapping refMap sodiumoptionsapi-forge-1.20.1-forge-refmap.json using E:\Project\Java\GoetyDelight\GoetyDelight-1.20.1-forge\build\createSrgToMcp\output.srg
[289月2025 19:29:50.255] [main/INFO] [mixin/]: Selecting config dummmmmmy-common.mixins.json
[289月2025 19:29:50.256] [main/INFO] [mixin/]: Remapping refMap dummmmmmy-common-refmap.json using E:\Project\Java\GoetyDelight\GoetyDelight-1.20.1-forge\build\createSrgToMcp\output.srg
[289月2025 19:29:50.256] [main/INFO] [mixin/]: Selecting config dummmmmmy.mixins.json
[289月2025 19:29:50.259] [main/INFO] [mixin/]: Selecting config RuOK.common.mixins.json
[289月2025 19:29:50.260] [main/INFO] [mixin/]: Remapping refMap RuOK-common-refmap.json using E:\Project\Java\GoetyDelight\GoetyDelight-1.20.1-forge\build\createSrgToMcp\output.srg
[289月2025 19:29:50.260] [main/INFO] [mixin/]: Selecting config RuOK.mixins.json
[289月2025 19:29:50.262] [main/INFO] [mixin/]: Selecting config embeddium.mixins.json
[289月2025 19:29:50.274] [main/INFO] [Embeddium/]: Loaded configuration file for Embeddium: 100 options available, 3 override(s) found
[289月2025 19:29:50.276] [main/INFO] [Embeddium-GraphicsAdapterProbe/]: Searching for graphics cards...
[289月2025 19:29:50.612] [main/INFO] [Embeddium-GraphicsAdapterProbe/]: Found graphics card: GraphicsAdapterInfo[vendor=AMD, name=AMD Radeon(TM) Graphics, version=DriverVersion=31.0.21921.1000]
[289月2025 19:29:50.612] [main/INFO] [Embeddium-GraphicsAdapterProbe/]: Found graphics card: GraphicsAdapterInfo[vendor=NVIDIA, name=NVIDIA GeForce RTX 3060 Laptop GPU, version=DriverVersion=32.0.15.7640]
[289月2025 19:29:50.612] [main/INFO] [Embeddium-GraphicsAdapterProbe/]: Found graphics card: GraphicsAdapterInfo[vendor=UNKNOWN, name=spacedesk Graphics Adapter, version=DriverVersion=10.2.389.172]
[289月2025 19:29:50.619] [main/WARN] [Embeddium-Workarounds/]: Embeddium has applied one or more workarounds to prevent crashes or other issues on your system: [NVIDIA_THREADED_OPTIMIZATIONS]
[289月2025 19:29:50.619] [main/WARN] [Embeddium-Workarounds/]: This is not necessarily an issue, but it may result in certain features or optimizations being disabled. You can sometimes fix these issues by upgrading your graphics driver.
[289月2025 19:29:50.625] [main/INFO] [mixin/]: Remapping refMap embeddium-refmap.json using E:\Project\Java\GoetyDelight\GoetyDelight-1.20.1-forge\build\createSrgToMcp\output.srg
[289月2025 19:29:50.625] [main/INFO] [mixin/]: Selecting config farmersdelight.mixins.json
[289月2025 19:29:50.627] [main/INFO] [mixin/]: Remapping refMap farmersdelight.refmap.json using E:\Project\Java\GoetyDelight\GoetyDelight-1.20.1-forge\build\createSrgToMcp\output.srg
[289月2025 19:29:50.627] [main/INFO] [mixin/]: Selecting config moonlight-common.mixins.json
[289月2025 19:29:50.631] [main/INFO] [mixin/]: Remapping refMap moonlight-common-refmap.json using E:\Project\Java\GoetyDelight\GoetyDelight-1.20.1-forge\build\createSrgToMcp\output.srg
[289月2025 19:29:50.631] [main/INFO] [mixin/]: Selecting config moonlight.mixins.json
[289月2025 19:29:50.633] [main/INFO] [mixin/]: Remapping refMap moonlight-forge-refmap.json using E:\Project\Java\GoetyDelight\GoetyDelight-1.20.1-forge\build\createSrgToMcp\output.srg
[289月2025 19:29:50.633] [main/INFO] [mixin/]: Selecting config fabric-api-base.init.mixins.json
[289月2025 19:29:50.649] [main/INFO] [mixin/]: Selecting config cull-less-leaves.mixins.json
[289月2025 19:29:50.650] [main/INFO] [mixin/]: Remapping refMap cull-less-leaves.refmap.json using E:\Project\Java\GoetyDelight\GoetyDelight-1.20.1-forge\build\createSrgToMcp\output.srg
[289月2025 19:29:50.650] [main/INFO] [mixin/]: Selecting config lionfishapi.mixins.json
[289月2025 19:29:50.652] [main/INFO] [mixin/]: Remapping refMap lionfishapi.refmap.json using E:\Project\Java\GoetyDelight\GoetyDelight-1.20.1-forge\build\createSrgToMcp\output.srg
[289月2025 19:29:50.652] [main/INFO] [mixin/]: Selecting config wthit.mixins.json
[289月2025 19:29:50.653] [main/INFO] [mixin/]: Remapping refMap wthit.refmap.json using E:\Project\Java\GoetyDelight\GoetyDelight-1.20.1-forge\build\createSrgToMcp\output.srg
[289月2025 19:29:50.654] [main/INFO] [mixin/]: Selecting config curios.mixins.json
[289月2025 19:29:50.656] [main/INFO] [mixin/]: Remapping refMap curios.refmap.json using E:\Project\Java\GoetyDelight\GoetyDelight-1.20.1-forge\build\createSrgToMcp\output.srg
[289月2025 19:29:50.656] [main/INFO] [mixin/]: Selecting config cataclysm.mixins.json
[289月2025 19:29:50.656] [main/INFO] [mixin/]: Remapping refMap cataclysm.refmap.json using E:\Project\Java\GoetyDelight\GoetyDelight-1.20.1-forge\build\createSrgToMcp\output.srg
[289月2025 19:29:50.656] [main/INFO] [mixin/]: Selecting config flywheel.backend.mixins.json
[289月2025 19:29:50.657] [main/INFO] [mixin/]: Remapping refMap backend-flywheel.refmap.json using E:\Project\Java\GoetyDelight\GoetyDelight-1.20.1-forge\build\createSrgToMcp\output.srg
[289月2025 19:29:50.657] [main/INFO] [mixin/]: Selecting config flywheel.impl.mixins.json
[289月2025 19:29:50.659] [main/INFO] [mixin/]: Remapping refMap flywheel.refmap.json using E:\Project\Java\GoetyDelight\GoetyDelight-1.20.1-forge\build\createSrgToMcp\output.srg
[289月2025 19:29:50.659] [main/INFO] [mixin/]: Selecting config ponder.mixins.json
[289月2025 19:29:50.660] [main/INFO] [mixin/]: Remapping refMap ponder.refmap.json using E:\Project\Java\GoetyDelight\GoetyDelight-1.20.1-forge\build\createSrgToMcp\output.srg
[289月2025 19:29:50.660] [main/INFO] [mixin/]: Selecting config ponder-common.mixins.json
[289月2025 19:29:50.661] [main/INFO] [mixin/]: Remapping refMap ponder.refmap.json using E:\Project\Java\GoetyDelight\GoetyDelight-1.20.1-forge\build\createSrgToMcp\output.srg
[289月2025 19:29:50.661] [main/INFO] [mixin/]: Selecting config create.mixins.json
[289月2025 19:29:50.664] [main/INFO] [mixin/]: Remapping refMap create.refmap.json using E:\Project\Java\GoetyDelight\GoetyDelight-1.20.1-forge\build\createSrgToMcp\output.srg
[289月2025 19:29:50.664] [main/INFO] [mixin/]: Selecting config ias.mixins.json
[289月2025 19:29:50.665] [main/INFO] [mixin/]: Remapping refMap ias.mixins.refmap.json using E:\Project\Java\GoetyDelight\GoetyDelight-1.20.1-forge\build\createSrgToMcp\output.srg
[289月2025 19:29:50.665] [main/INFO] [mixin/]: Selecting config mixins.oculus.json
[289月2025 19:29:50.668] [main/INFO] [mixin/]: Remapping refMap oculus-mixins-refmap.json using E:\Project\Java\GoetyDelight\GoetyDelight-1.20.1-forge\build\createSrgToMcp\output.srg
[289月2025 19:29:50.669] [main/INFO] [mixin/]: Selecting config mixins.oculus.fantastic.json
[289月2025 19:29:50.670] [main/INFO] [mixin/]: Remapping refMap oculus-mixins-refmap.json using E:\Project\Java\GoetyDelight\GoetyDelight-1.20.1-forge\build\createSrgToMcp\output.srg
[289月2025 19:29:50.670] [main/INFO] [mixin/]: Selecting config mixins.oculus.vertexformat.json
[289月2025 19:29:50.672] [main/INFO] [mixin/]: Remapping refMap oculus-mixins-refmap.json using E:\Project\Java\GoetyDelight\GoetyDelight-1.20.1-forge\build\createSrgToMcp\output.srg
[289月2025 19:29:50.672] [main/INFO] [mixin/]: Selecting config mixins.oculus.bettermipmaps.json
[289月2025 19:29:50.674] [main/INFO] [mixin/]: Remapping refMap oculus-mixins-refmap.json using E:\Project\Java\GoetyDelight\GoetyDelight-1.20.1-forge\build\createSrgToMcp\output.srg
[289月2025 19:29:50.675] [main/INFO] [mixin/]: Selecting config mixins.oculus.fixes.maxfpscrash.json
[289月2025 19:29:50.677] [main/INFO] [mixin/]: Remapping refMap oculus-mixins-refmap.json using E:\Project\Java\GoetyDelight\GoetyDelight-1.20.1-forge\build\createSrgToMcp\output.srg
[289月2025 19:29:50.677] [main/INFO] [mixin/]: Selecting config oculus-batched-entity-rendering.mixins.json
[289月2025 19:29:50.679] [main/INFO] [mixin/]: Remapping refMap oculus-mixins-refmap.json using E:\Project\Java\GoetyDelight\GoetyDelight-1.20.1-forge\build\createSrgToMcp\output.srg
[289月2025 19:29:50.679] [main/INFO] [mixin/]: Selecting config mixins.oculus.compat.sodium.json
[289月2025 19:29:50.681] [main/INFO] [mixin/]: Remapping refMap sodiumCompatibility-oculus-mixins-refmap.json using E:\Project\Java\GoetyDelight\GoetyDelight-1.20.1-forge\build\createSrgToMcp\output.srg
[289月2025 19:29:50.682] [main/INFO] [mixin/]: Selecting config mixins.oculus.compat.indigo.json
[289月2025 19:29:50.684] [main/INFO] [mixin/]: Remapping refMap oculus-mixins-refmap.json using E:\Project\Java\GoetyDelight\GoetyDelight-1.20.1-forge\build\createSrgToMcp\output.srg
[289月2025 19:29:50.685] [main/INFO] [mixin/]: Selecting config mixins.oculus.compat.indium.json
[289月2025 19:29:50.688] [main/INFO] [mixin/]: Remapping refMap oculus-mixins-refmap.json using E:\Project\Java\GoetyDelight\GoetyDelight-1.20.1-forge\build\createSrgToMcp\output.srg
[289月2025 19:29:50.688] [main/INFO] [mixin/]: Selecting config mixins.oculus.compat.dh.json
[289月2025 19:29:50.692] [main/INFO] [mixin/]: Remapping refMap oculus-mixins-refmap.json using E:\Project\Java\GoetyDelight\GoetyDelight-1.20.1-forge\build\createSrgToMcp\output.srg
[289月2025 19:29:50.692] [main/INFO] [mixin/]: Selecting config mixins.oculus.compat.pixelmon.json
[289月2025 19:29:50.695] [main/INFO] [mixin/]: Remapping refMap oculus-mixins-refmap.json using E:\Project\Java\GoetyDelight\GoetyDelight-1.20.1-forge\build\createSrgToMcp\output.srg
[289月2025 19:29:50.695] [main/INFO] [mixin/]: Selecting config noisium-common.mixins.json
[289月2025 19:29:50.700] [main/INFO] [mixin/]: Remapping refMap noisium-common-common-refmap.json using E:\Project\Java\GoetyDelight\GoetyDelight-1.20.1-forge\build\createSrgToMcp\output.srg
[289月2025 19:29:50.700] [main/INFO] [mixin/]: Selecting config ftbultimine-common.mixins.json
[289月2025 19:29:50.701] [main/INFO] [mixin/]: Remapping refMap ftb-ultimine-common-refmap.json using E:\Project\Java\GoetyDelight\GoetyDelight-1.20.1-forge\build\createSrgToMcp\output.srg
[289月2025 19:29:50.701] [main/INFO] [mixin/]: Selecting config architectury.mixins.json
[289月2025 19:29:50.704] [main/INFO] [mixin/]: Remapping refMap architectury-forge-refmap.json using E:\Project\Java\GoetyDelight\GoetyDelight-1.20.1-forge\build\createSrgToMcp\output.srg
[289月2025 19:29:50.704] [main/INFO] [mixin/]: Selecting config architectury-common.mixins.json
[289月2025 19:29:50.705] [main/INFO] [mixin/]: Remapping refMap architectury-common-refmap.json using E:\Project\Java\GoetyDelight\GoetyDelight-1.20.1-forge\build\createSrgToMcp\output.srg
[289月2025 19:29:50.705] [main/INFO] [mixin/]: Selecting config ftblibrary-common.mixins.json
[289月2025 19:29:50.706] [main/INFO] [mixin/]: Remapping refMap ftb-library-common-refmap.json using E:\Project\Java\GoetyDelight\GoetyDelight-1.20.1-forge\build\createSrgToMcp\output.srg
[289月2025 19:29:50.706] [main/INFO] [mixin/]: Selecting config sodium-extra.mixins.json
[289月2025 19:29:50.711] [main/INFO] [Embeddium Extra/]: Loaded configuration file for Sodium Extra: 35 options available, 0 override(s) found
[289月2025 19:29:50.712] [main/INFO] [mixin/]: Remapping refMap rubidium-extra-refmap.json using E:\Project\Java\GoetyDelight\GoetyDelight-1.20.1-forge\build\createSrgToMcp\output.srg
[289月2025 19:29:50.713] [main/INFO] [mixin/]: Selecting config mixins.modernui-forge.json
[289月2025 19:29:50.718] [main/INFO] [ModernUI-MC/Init]: Iris API installed...
[289月2025 19:29:50.777] [main/INFO] [mixin/]: Remapping refMap ModernUI-Forge-ModernUI-Forge-refmap.json using E:\Project\Java\GoetyDelight\GoetyDelight-1.20.1-forge\build\createSrgToMcp\output.srg
[289月2025 19:29:50.777] [main/INFO] [mixin/]: Selecting config mixins.modernui-textmc.json
[289月2025 19:29:50.781] [main/INFO] [mixin/]: Remapping refMap ModernUI-Forge-ModernUI-Forge-refmap.json using E:\Project\Java\GoetyDelight\GoetyDelight-1.20.1-forge\build\createSrgToMcp\output.srg
[289月2025 19:29:50.781] [main/INFO] [mixin/]: Selecting config dynamic_fps.mixins.json
[289月2025 19:29:50.782] [main/INFO] [mixin/]: Remapping refMap dynamic-fps-platforms_forge-refmap.json using E:\Project\Java\GoetyDelight\GoetyDelight-1.20.1-forge\build\createSrgToMcp\output.srg
[289月2025 19:29:50.782] [main/INFO] [mixin/]: Selecting config dynamic_fps-common.mixins.json
[289月2025 19:29:50.783] [main/INFO] [mixin/]: Remapping refMap dynamic-fps-platforms_common-refmap.json using E:\Project\Java\GoetyDelight\GoetyDelight-1.20.1-forge\build\createSrgToMcp\output.srg
[289月2025 19:29:50.783] [main/INFO] [mixin/]: Selecting config particle_core.mixins.json
[289月2025 19:29:50.796] [main/INFO] [mixin/]: Remapping refMap particle_core-refmap.json using E:\Project\Java\GoetyDelight\GoetyDelight-1.20.1-forge\build\createSrgToMcp\output.srg
[289月2025 19:29:50.796] [main/INFO] [mixin/]: Selecting config forge-badoptimizations.mixins.json
[289月2025 19:29:50.817] [main/INFO] [BadOptimizations/]: Config version: 4
[289月2025 19:29:50.817] [main/INFO] [BadOptimizations/]: BadOptimizations config dump:
[289月2025 19:29:50.818] [main/INFO] [BadOptimizations/]: enable_toast_optimizations: true
[289月2025 19:29:50.818] [main/INFO] [BadOptimizations/]: ignore_mod_incompatibilities: false
[289月2025 19:29:50.818] [main/INFO] [BadOptimizations/]: lightmap_time_change_needed_for_update: 80
[289月2025 19:29:50.818] [main/INFO] [BadOptimizations/]: enable_lightmap_caching: true
[289月2025 19:29:50.818] [main/INFO] [BadOptimizations/]: enable_particle_manager_optimization: true
[289月2025 19:29:50.818] [main/INFO] [BadOptimizations/]: enable_entity_renderer_caching: true
[289月2025 19:29:50.819] [main/INFO] [BadOptimizations/]: log_config: true
[289月2025 19:29:50.819] [main/INFO] [BadOptimizations/]: enable_remove_redundant_fov_calculations: true
[289月2025 19:29:50.819] [main/INFO] [BadOptimizations/]: config_version: 4
[289月2025 19:29:50.819] [main/INFO] [BadOptimizations/]: enable_sky_angle_caching_in_worldrenderer: true
[289月2025 19:29:50.819] [main/INFO] [BadOptimizations/]: enable_block_entity_renderer_caching: true
[289月2025 19:29:50.819] [main/INFO] [BadOptimizations/]: skycolor_time_change_needed_for_update: 3
[289月2025 19:29:50.819] [main/INFO] [BadOptimizations/]: enable_entity_flag_caching: true
[289月2025 19:29:50.819] [main/INFO] [BadOptimizations/]: enable_debug_renderer_disable_if_not_needed: true
[289月2025 19:29:50.819] [main/INFO] [BadOptimizations/]: enable_sky_color_caching: true
[289月2025 19:29:50.819] [main/INFO] [BadOptimizations/]: enable_remove_tutorial_if_not_demo: true
[289月2025 19:29:50.819] [main/INFO] [BadOptimizations/]: show_f3_text: true
[289月2025 19:29:50.821] [main/INFO] [mixin/]: Remapping refMap forge-BadOptimizations-common-common-refmap.json using E:\Project\Java\GoetyDelight\GoetyDelight-1.20.1-forge\build\createSrgToMcp\output.srg
[289月2025 19:29:50.822] [main/INFO] [mixin/]: Preparing mixins.goetydelight.json (2)
[289月2025 19:29:50.858] [main/INFO] [mixin/]: Preparing saturn.mixins.json (29)
[289月2025 19:29:51.173] [main/INFO] [mixin/]: Preparing lithium.mixins.json (220)
[289月2025 19:29:51.526] [main/WARN] [mixin/]: @Mixin target net/minecraft/world/level/block/ComposterBlock$InputContainer is public in lithium.mixins.json:alloc.composter.ComposterMixin$ComposterBlockComposterInventoryMixin and should be specified in value
[289月2025 19:29:51.526] [main/WARN] [mixin/]: @Mixin target net/minecraft/world/level/block/ComposterBlock$EmptyContainer is public in lithium.mixins.json:alloc.composter.ComposterMixin$ComposterBlockDummyInventoryMixin and should be specified in value
[289月2025 19:29:51.527] [main/WARN] [mixin/]: @Mixin target net/minecraft/world/level/block/ComposterBlock$OutputContainer is public in lithium.mixins.json:alloc.composter.ComposterMixin$ComposterBlockFullComposterInventoryMixin and should be specified in value
[289月2025 19:29:51.666] [main/INFO] [mixin/]: Preparing mobbattle.mixins.json (3)
[289月2025 19:29:51.673] [main/INFO] [mixin/]: Preparing mixins.sodiumextras.json (22)
[289月2025 19:29:51.788] [main/INFO] [mixin/]: Preparing attributefix.mixins.json (1)
[289月2025 19:29:51.789] [main/INFO] [mixin/]: Preparing flerovium.mixins.json (11)
[289月2025 19:29:51.809] [main/INFO] [mixin/]: Preparing xaeroworldmap.mixins.json (12)
[289月2025 19:29:51.842] [main/INFO] [mixin/]: Preparing xaeroworldmap.forge.mixins.json (2)
[289月2025 19:29:51.843] [main/INFO] [mixin/]: Preparing goety.mixins.json (29)
[289月2025 19:29:51.987] [main/INFO] [mixin/]: Preparing citadel.mixins.json (15)
[289月2025 19:29:52.008] [main/INFO] [mixin/]: Preparing badpackets.mixins.json (4)
[289月2025 19:29:52.022] [main/INFO] [mixin/]: Preparing mixinextras.init.mixins.json (0)
[289月2025 19:29:52.022] [main/INFO] [mixin/]: Preparing starlight.mixins.json (13)
[289月2025 19:29:52.040] [main/INFO] [mixin/]: Preparing invalidsidelogger.mixins.json (1)
[289月2025 19:29:52.040] [main/INFO] [mixin/]: Preparing mixins.sodiumoptionsapi.json (7)
[289月2025 19:29:52.049] [main/INFO] [mixin/]: Preparing dummmmmmy-common.mixins.json (5)
[289月2025 19:29:52.053] [main/INFO] [mixin/]: Preparing dummmmmmy.mixins.json (0)
[289月2025 19:29:52.053] [main/INFO] [mixin/]: Preparing RuOK.common.mixins.json (11)
[289月2025 19:29:52.079] [main/INFO] [mixin/]: Preparing RuOK.mixins.json (0)
[289月2025 19:29:52.079] [main/INFO] [mixin/]: Preparing embeddium.mixins.json (0)
[289月2025 19:29:52.079] [main/INFO] [mixin/]: Preparing farmersdelight.mixins.json (10)
[289月2025 19:29:52.104] [main/INFO] [mixin/]: Preparing moonlight-common.mixins.json (36)
[289月2025 19:29:52.223] [main/INFO] [mixin/]: Preparing moonlight.mixins.json (11)
[289月2025 19:29:52.232] [main/INFO] [mixin/]: Preparing fabric-api-base.init.mixins.json (0)
[289月2025 19:29:52.232] [main/INFO] [mixin/]: Preparing cull-less-leaves.mixins.json (4)
[289月2025 19:29:52.235] [main/INFO] [mixin/]: Preparing lionfishapi.mixins.json (5)
[289月2025 19:29:52.243] [main/INFO] [mixin/]: Preparing wthit.mixins.json (20)
[289月2025 19:29:52.311] [main/INFO] [mixin/]: Preparing curios.mixins.json (13)
[289月2025 19:29:52.320] [main/INFO] [mixin/]: Preparing cataclysm.mixins.json (21)
[289月2025 19:29:52.338] [main/INFO] [mixin/]: Preparing flywheel.backend.mixins.json (8)
[289月2025 19:29:52.364] [main/INFO] [mixin/]: Preparing flywheel.impl.mixins.json (15)
[289月2025 19:29:52.381] [main/WARN] [mixin/]: @Mixin target net/minecraft/client/renderer/chunk/ChunkRenderDispatcher$RenderChunk$RebuildTask is public in flywheel.impl.mixins.json:visualmanage.RebuildTaskMixin and should be specified in value
[289月2025 19:29:52.381] [main/INFO] [mixin/]: Preparing ponder.mixins.json (1)
[289月2025 19:29:52.382] [main/INFO] [mixin/]: Preparing ponder-common.mixins.json (6)
[289月2025 19:29:52.391] [main/INFO] [mixin/]: Preparing ias.mixins.json (3)
[289月2025 19:29:52.392] [main/INFO] [mixin/]: Preparing mixins.oculus.json (88)
[289月2025 19:29:52.470] [main/WARN] [mixin/]: Error loading class: mekanism/client/render/entity/RenderFlame (java.lang.ClassNotFoundException: mekanism.client.render.entity.RenderFlame)
[289月2025 19:29:52.472] [main/WARN] [mixin/]: Error loading class: mekanism/client/render/armor/MekaSuitArmor (java.lang.ClassNotFoundException: mekanism.client.render.armor.MekaSuitArmor)
[289月2025 19:29:52.494] [main/INFO] [mixin/]: Preparing mixins.oculus.fantastic.json (5)
[289月2025 19:29:52.505] [main/INFO] [mixin/]: Preparing mixins.oculus.vertexformat.json (8)
[289月2025 19:29:52.516] [main/WARN] [mixin/]: @Mixin target net/minecraft/client/renderer/chunk/ChunkRenderDispatcher$RenderChunk$RebuildTask is public in mixins.oculus.vertexformat.json:block_rendering.MixinChunkRebuildTask and should be specified in value
[289月2025 19:29:52.517] [main/INFO] [mixin/]: Preparing mixins.oculus.bettermipmaps.json (0)
[289月2025 19:29:52.517] [main/INFO] [mixin/]: Preparing mixins.oculus.fixes.maxfpscrash.json (1)
[289月2025 19:29:52.517] [main/INFO] [mixin/]: Preparing oculus-batched-entity-rendering.mixins.json (17)
[289月2025 19:29:52.523] [main/INFO] [mixin/]: Preparing mixins.oculus.compat.sodium.json (49)
[289月2025 19:29:52.547] [main/INFO] [mixin/]: Preparing mixins.oculus.compat.indigo.json (1)
[289月2025 19:29:52.552] [main/INFO] [mixin/]: Preparing mixins.oculus.compat.indium.json (1)
[289月2025 19:29:52.558] [main/INFO] [mixin/]: Preparing mixins.oculus.compat.dh.json (4)
[289月2025 19:29:52.560] [main/INFO] [mixin/]: Preparing mixins.oculus.compat.pixelmon.json (1)
[289月2025 19:29:52.565] [main/INFO] [mixin/]: Preparing noisium-common.mixins.json (5)
[289月2025 19:29:52.570] [main/INFO] [mixin/]: Preparing ftbultimine-common.mixins.json (2)
[289月2025 19:29:52.571] [main/INFO] [mixin/]: Preparing architectury.mixins.json (9)
[289月2025 19:29:52.576] [main/INFO] [mixin/]: Preparing architectury-common.mixins.json (10)
[289月2025 19:29:52.589] [main/INFO] [mixin/]: Preparing ftblibrary-common.mixins.json (5)
[289月2025 19:29:52.593] [main/INFO] [mixin/]: Preparing sodium-extra.mixins.json (45)
[289月2025 19:29:52.623] [main/INFO] [mixin/]: Preparing mixins.modernui-forge.json (22)
[289月2025 19:29:52.646] [main/INFO] [mixin/]: Preparing mixins.modernui-textmc.json (13)
[289月2025 19:29:52.652] [main/INFO] [mixin/]: Preparing dynamic_fps.mixins.json (1)
[289月2025 19:29:52.652] [main/INFO] [mixin/]: Preparing dynamic_fps-common.mixins.json (12)
[289月2025 19:29:52.656] [main/INFO] [mixin/]: Preparing particle_core.mixins.json (8)
[289月2025 19:29:52.817] [main/INFO] [mixin/]: Preparing forge-badoptimizations.mixins.json (24)
[289月2025 19:29:52.824] [main/INFO] [mixin/]: Preparing create.mixins.json (53)
[289月2025 19:29:52.853] [main/WARN] [mixin/]: Error loading class: journeymap/client/ui/fullscreen/Fullscreen (java.lang.ClassNotFoundException: journeymap.client.ui.fullscreen.Fullscreen)
[289月2025 19:29:52.853] [main/WARN] [mixin/]: @Mixin target journeymap.client.ui.fullscreen.Fullscreen was not found create.mixins.json:compat.JourneyFullscreenMapMixin
[289月2025 19:29:52.941] [main/WARN] [Embeddium/]: Force-disabling mixin 'features.render.world.sky.WorldRendererMixin' as rule 'mixin.features.render.world.sky' (added by mods [oculus]) disables it and children
[289月2025 19:29:52.941] [main/WARN] [Embeddium/]: Force-disabling mixin 'features.render.world.sky.ClientWorldMixin' as rule 'mixin.features.render.world.sky' (added by mods [oculus]) disables it and children
[289月2025 19:29:52.941] [main/WARN] [Embeddium/]: Force-disabling mixin 'features.render.world.sky.BackgroundRendererMixin' as rule 'mixin.features.render.world.sky' (added by mods [oculus]) disables it and children
[289月2025 19:29:52.944] [main/WARN] [Embeddium/]: Force-disabling mixin 'features.render.gui.font.GlyphRendererMixin' as rule 'mixin.features.render.gui.font' (added by mods [oculus]) disables it and children
[289月2025 19:29:52.944] [main/WARN] [Embeddium/]: Force-disabling mixin 'features.render.gui.font.FontSetMixin' as rule 'mixin.features.render.gui.font' (added by mods [oculus]) disables it and children
[289月2025 19:29:52.945] [main/WARN] [Embeddium/]: Force-disabling mixin 'features.render.entity.shadows.EntityRenderDispatcherMixin' as rule 'mixin.features.render.entity' (added by mods [oculus]) disables it and children
[289月2025 19:29:52.945] [main/WARN] [Embeddium/]: Force-disabling mixin 'features.render.entity.remove_streams.ModelPartMixin' as rule 'mixin.features.render.entity' (added by mods [oculus]) disables it and children
[289月2025 19:29:52.945] [main/WARN] [Embeddium/]: Force-disabling mixin 'features.render.entity.remove_streams.HierarchicalModelMixin' as rule 'mixin.features.render.entity' (added by mods [oculus]) disables it and children
[289月2025 19:29:52.946] [main/WARN] [Embeddium/]: Force-disabling mixin 'features.render.entity.fast_render.ModelPartMixin' as rule 'mixin.features.render.entity' (added by mods [oculus]) disables it and children
[289月2025 19:29:52.946] [main/WARN] [Embeddium/]: Force-disabling mixin 'features.render.entity.fast_render.CuboidMixin' as rule 'mixin.features.render.entity' (added by mods [oculus]) disables it and children
[289月2025 19:29:52.946] [main/WARN] [Embeddium/]: Force-disabling mixin 'features.render.entity.cull.EntityRendererMixin' as rule 'mixin.features.render.entity' (added by mods [oculus]) disables it and children
[289月2025 19:29:53.091] [main/INFO] [mixin/]: Prepared 844 mixins in 3.184 sec (3.8ms avg) (0ms load, 0ms transform, 0ms plugin)
[289月2025 19:29:53.313] [main/INFO] [MixinExtras|Service/]: Initializing MixinExtras via com.llamalad7.mixinextras.service.MixinExtrasServiceImpl(version=0.4.1).
[289月2025 19:29:53.319] [main/INFO] [mixin/]: Mixing MixinChatFormatting from mixins.modernui-forge.json into net.minecraft.ChatFormatting
[289月2025 19:29:53.442] [main/INFO] [mixin/]: Mixing ResourceLocationMixin from ftblibrary-common.mixins.json into net.minecraft.resources.ResourceLocation
[289月2025 19:29:53.442] [main/WARN] [mixin/]: ftblibrary-common.mixins.json:ResourceLocationMixin: Class version 61 required is higher than the class version supported by the current version of Mixin (JAVA_8 supports class version 52)
[289月2025 19:29:53.445] [main/INFO] [mixin/]: Mixing texture.MixinResourceLocation from mixins.oculus.json into net.minecraft.resources.ResourceLocation
[289月2025 19:29:53.445] [main/WARN] [mixin/]: mixins.oculus.json:texture.MixinResourceLocation: Class version 61 required is higher than the class version supported by the current version of Mixin (JAVA_8 supports class version 52)
[289月2025 19:29:53.550] [main/INFO] [net.minecraftforge.data.loading.DatagenModLoader/]: Initializing Data Gatherer for mods [goetydelight]
[289月2025 19:29:53.556] [main/INFO] [mixin/]: Mixing BuiltInRegistriesMixin from create.mixins.json into net.minecraft.core.registries.BuiltInRegistries
[289月2025 19:29:53.557] [main/INFO] [mixin/]: Renaming synthetic method lambda$create$ourRegistriesAreNotEmpty$0(Ljava/util/function/Consumer;Lnet/minecraft/core/Registry;)V to md5a2e02$lambda$create$ourRegistriesAreNotEmpty$0$0 in create.mixins.json:BuiltInRegistriesMixin
[289月2025 19:29:53.562] [main/INFO] [mixin/]: Mixing accessor.BuiltInRegistriesAccessor from create.mixins.json into net.minecraft.core.registries.BuiltInRegistries
[289月2025 19:29:53.562] [main/INFO] [mixin/]: Renaming @Accessor method create$getWRITABLE_REGISTRY()Lnet/minecraft/core/WritableRegistry; to create$getWRITABLE_REGISTRY_$md$5a2e02$1 in create.mixins.json:accessor.BuiltInRegistriesAccessor
[289月2025 19:29:53.675] [main/INFO] [mixin/]: Mixing math.sine_lut.MixinMathHelper from lithium.mixins.json into net.minecraft.util.Mth
[289月2025 19:29:53.676] [main/WARN] [mixin/]: lithium.mixins.json:math.sine_lut.MixinMathHelper: Class version 61 required is higher than the class version supported by the current version of Mixin (JAVA_16 supports class version 60)
[289月2025 19:29:53.717] [main/INFO] [mixin/]: Mixing inject.MixinGameEvent from architectury-common.mixins.json into net.minecraft.world.level.gameevent.GameEvent
[289月2025 19:29:53.770] [main/INFO] [mixin/]: Mixing ai.pathing.MixinBlock from lithium.mixins.json into net.minecraft.world.level.block.Block
[289月2025 19:29:53.775] [main/INFO] [mixin/]: Mixing shapes.blockstate_cache.BlockMixin from lithium.mixins.json into net.minecraft.world.level.block.Block
[289月2025 19:29:53.775] [main/INFO] [mixin/]: Renaming synthetic method lambda$static$0(Lnet/minecraft/world/phys/shapes/VoxelShape;)Z to md5a2e02$lambda$static$0$0 in lithium.mixins.json:shapes.blockstate_cache.BlockMixin
[289月2025 19:29:53.777] [main/INFO] [mixin/]: Mixing BlockMixin from cull-less-leaves.mixins.json into net.minecraft.world.level.block.Block
[289月2025 19:29:53.779] [main/INFO] [mixin/]: Mixing inject.MixinBlock from architectury-common.mixins.json into net.minecraft.world.level.block.Block
[289月2025 19:29:53.779] [main/INFO] [mixin/]: Mixing BlockMixin from create.mixins.json into net.minecraft.world.level.block.Block
[289月2025 19:29:53.846] [main/INFO] [mixin/]: Mixing math.fast_blockpos.BlockPosMixin from lithium.mixins.json into net.minecraft.core.BlockPos
[289月2025 19:29:53.865] [main/INFO] [mixin/]: Mixing MixinBlockStateBehavior from mixins.oculus.json into net.minecraft.world.level.block.state.BlockBehaviour$BlockStateBase
[289月2025 19:29:53.867] [main/INFO] [mixin/]: Mixing ai.pathing.AbstractBlockStateMixin from lithium.mixins.json into net.minecraft.world.level.block.state.BlockBehaviour$BlockStateBase
[289月2025 19:29:53.873] [main/INFO] [mixin/]: Mixing util.block_tracking.AbstractBlockStateMixin from lithium.mixins.json into net.minecraft.world.level.block.state.BlockBehaviour$BlockStateBase
[289月2025 19:29:53.877] [main/INFO] [mixin/]: Mixing common.blockstate.BlockStateBaseMixin from starlight.mixins.json into net.minecraft.world.level.block.state.BlockBehaviour$BlockStateBase
[289月2025 19:29:53.915] [main/INFO] [mixin/]: Mixing alloc.blockstate.StateMixin from lithium.mixins.json into net.minecraft.world.level.block.state.StateHolder
[289月2025 19:29:53.918] [main/INFO] [mixin/]: Mixing accessor.StateHolderAccessor from create.mixins.json into net.minecraft.world.level.block.state.StateHolder
[289月2025 19:29:53.965] [main/INFO] [mixin/]: Mixing entitydata.MixinEntity from forge-badoptimizations.mixins.json into net.minecraft.world.entity.Entity
[289月2025 19:29:53.974] [main/INFO] [mixin/]: Mixing entity.collisions.fluid.EntityMixin from lithium.mixins.json into net.minecraft.world.entity.Entity
[289月2025 19:29:53.987] [main/INFO] [mixin/]: Mixing alloc.deep_passengers.EntityMixin from lithium.mixins.json into net.minecraft.world.entity.Entity
[289月2025 19:29:53.999] [main/INFO] [mixin/]: Mixing collections.fluid_submersion.EntityMixin from lithium.mixins.json into net.minecraft.world.entity.Entity
[289月2025 19:29:54.005] [main/INFO] [mixin/]: Mixing entity.collisions.movement.EntityMixin from lithium.mixins.json into net.minecraft.world.entity.Entity
[289月2025 19:29:54.011] [main/INFO] [mixin/]: Mixing entity.collisions.unpushable_cramming.EntityMixin from lithium.mixins.json into net.minecraft.world.entity.Entity
[289月2025 19:29:54.012] [main/INFO] [mixin/]: Mixing EntityMixin from goety.mixins.json into net.minecraft.world.entity.Entity
[289月2025 19:29:54.032] [main/INFO] [mixin/]: Mixing EntityMixin from invalidsidelogger.mixins.json into net.minecraft.world.entity.Entity
[289月2025 19:29:54.033] [main/WARN] [mixin/]: invalidsidelogger.mixins.json:EntityMixin: Class version 61 required is higher than the class version supported by the current version of Mixin (JAVA_8 supports class version 52)
[289月2025 19:29:54.033] [main/INFO] [mixin/]: Mixing EntityMixin from lionfishapi.mixins.json into net.minecraft.world.entity.Entity
[289月2025 19:29:54.039] [main/INFO] [mixin/]: Mixing EntityAccess from wthit.mixins.json into net.minecraft.world.entity.Entity
[289月2025 19:29:54.039] [main/WARN] [mixin/]: wthit.mixins.json:EntityAccess: Class version 61 required is higher than the class version supported by the current version of Mixin (JAVA_16 supports class version 60)
[289月2025 19:29:54.045] [main/INFO] [mixin/]: Mixing AccessorEntity from curios.mixins.json into net.minecraft.world.entity.Entity
[289月2025 19:29:54.052] [main/INFO] [mixin/]: Mixing accessor.EntityAccessor from ponder-common.mixins.json into net.minecraft.world.entity.Entity
[289月2025 19:29:54.058] [main/INFO] [mixin/]: Mixing client.EntityContraptionInteractionMixin from create.mixins.json into net.minecraft.world.entity.Entity
[289月2025 19:29:54.060] [main/INFO] [mixin/]: Renaming synthetic method lambda$create$onSpawnSprintParticle$4(Lnet/minecraft/world/entity/Entity;Lnet/minecraft/core/BlockPos;Lcom/simibubi/create/content/contraptions/Contraption;Lnet/minecraft/world/level/block/state/BlockState;Lnet/minecraft/core/BlockPos;)V to md5a2e02$lambda$create$onSpawnSprintParticle$4$0 in create.mixins.json:client.EntityContraptionInteractionMixin
[289月2025 19:29:54.060] [main/INFO] [mixin/]: Renaming synthetic method lambda$create$onMove$3(Lnet/minecraft/world/phys/Vec3;Lnet/minecraft/world/entity/Entity;Lcom/simibubi/create/content/contraptions/AbstractContraptionEntity;)Z to md5a2e02$lambda$create$onMove$3$1 in create.mixins.json:client.EntityContraptionInteractionMixin
[289月2025 19:29:54.061] [main/INFO] [mixin/]: Renaming synthetic method lambda$create$contraptionStepSounds$2(Lorg/apache/commons/lang3/mutable/MutableBoolean;Lcom/simibubi/create/content/contraptions/Contraption;Lnet/minecraft/world/level/block/state/BlockState;Lnet/minecraft/core/BlockPos;)V to md5a2e02$lambda$create$contraptionStepSounds$2$2 in create.mixins.json:client.EntityContraptionInteractionMixin
[289月2025 19:29:54.061] [main/INFO] [mixin/]: Renaming synthetic method lambda$create$forCollision$1(Lnet/minecraft/world/phys/Vec3;Lorg/apache/logging/log4j/util/TriConsumer;Lcom/simibubi/create/content/contraptions/AbstractContraptionEntity;)V to md5a2e02$lambda$create$forCollision$1$3 in create.mixins.json:client.EntityContraptionInteractionMixin
[289月2025 19:29:54.061] [main/INFO] [mixin/]: Renaming synthetic method lambda$create$getIntersectionContraptionsStream$0(Lcom/simibubi/create/content/contraptions/AbstractContraptionEntity;)Z to md5a2e02$lambda$create$getIntersectionContraptionsStream$0$4 in create.mixins.json:client.EntityContraptionInteractionMixin
[289月2025 19:29:54.081] [main/INFO] [mixin/]: Mixing renderer.entity.MixinEntity from forge-badoptimizations.mixins.json into net.minecraft.world.entity.Entity
[289月2025 19:29:54.082] [main/INFO] [mixin/]: Mixing EntityMixin from create.mixins.json into net.minecraft.world.entity.Entity
[289月2025 19:29:54.093] [main/WARN] [mixin/]: Write access to @Mutable @Final field fluidOnEyes:Ljava/util/Set; in lithium.mixins.json:collections.fluid_submersion.EntityMixin::handler$zdj000$useReferenceArraySet
[289月2025 19:29:54.301] [main/INFO] [mixin/]: Mixing entitydata.MixinLivingEntity from forge-badoptimizations.mixins.json into net.minecraft.world.entity.LivingEntity
[289月2025 19:29:54.304] [main/INFO] [mixin/]: Mixing allocations.fall_sounds.LivingEntityMixin from saturn.mixins.json into net.minecraft.world.entity.LivingEntity
[289月2025 19:29:54.305] [main/INFO] [mixin/]: Mixing alloc.enum_values.living_entity.LivingEntityMixin from lithium.mixins.json into net.minecraft.world.entity.LivingEntity
[289月2025 19:29:54.305] [main/INFO] [mixin/]: Mixing entity.collisions.unpushable_cramming.LivingEntityMixin from lithium.mixins.json into net.minecraft.world.entity.LivingEntity
[289月2025 19:29:54.307] [main/INFO] [mixin/]: Mixing entity.fast_elytra_check.LivingEntityMixin from lithium.mixins.json into net.minecraft.world.entity.LivingEntity
[289月2025 19:29:54.308] [main/INFO] [mixin/]: Mixing entity.fast_hand_swing.LivingEntityMixin from lithium.mixins.json into net.minecraft.world.entity.LivingEntity
[289月2025 19:29:54.308] [main/INFO] [mixin/]: Mixing entity.fast_powder_snow_check.LivingEntityMixin from lithium.mixins.json into net.minecraft.world.entity.LivingEntity
[289月2025 19:29:54.308] [main/INFO] [mixin/]: Mixing entity.skip_equipment_change_check.LivingEntityMixin from lithium.mixins.json into net.minecraft.world.entity.LivingEntity
[289月2025 19:29:54.316] [main/INFO] [mixin/]: Renaming synthetic method lambda$static$0(Lnet/minecraft/world/item/ItemStack;)Z to md5a2e02$lambda$static$0$0 in lithium.mixins.json:entity.skip_equipment_change_check.LivingEntityMixin
[289月2025 19:29:54.321] [main/INFO] [mixin/]: Mixing LivingMixin from mobbattle.mixins.json into net.minecraft.world.entity.LivingEntity
[289月2025 19:29:54.321] [main/WARN] [mixin/]: mobbattle.mixins.json:LivingMixin: Class version 61 required is higher than the class version supported by the current version of Mixin (JAVA_16 supports class version 60)
[289月2025 19:29:54.322] [main/INFO] [mixin/]: Mixing LivingEntityMixin from goety.mixins.json into net.minecraft.world.entity.LivingEntity
[289月2025 19:29:54.329] [main/INFO] [mixin/]: Mixing LivingEntityMixin from citadel.mixins.json into net.minecraft.world.entity.LivingEntity
[289月2025 19:29:54.332] [main/INFO] [mixin/]: Mixing LivingEntityMixin from dummmmmmy-common.mixins.json into net.minecraft.world.entity.LivingEntity
[289月2025 19:29:54.333] [main/INFO] [mixin/]: Mixing MixinLivingEntity from curios.mixins.json into net.minecraft.world.entity.LivingEntity
[289月2025 19:29:54.333] [main/INFO] [mixin/]: Mixing LivingEntityMixin from cataclysm.mixins.json into net.minecraft.world.entity.LivingEntity
[289月2025 19:29:54.334] [main/INFO] [mixin/]: Mixing LivingEntityMixin from particle_core.mixins.json into net.minecraft.world.entity.LivingEntity
[289月2025 19:29:54.335] [main/WARN] [mixin/]: particle_core.mixins.json:LivingEntityMixin: Class version 61 required is higher than the class version supported by the current version of Mixin (JAVA_16 supports class version 60)
[289月2025 19:29:54.337] [main/INFO] [mixin/]: Mixing CustomItemUseEffectsMixin from create.mixins.json into net.minecraft.world.entity.LivingEntity
[289月2025 19:29:54.338] [main/INFO] [mixin/]: Mixing LavaSwimmingMixin from create.mixins.json into net.minecraft.world.entity.LivingEntity
[289月2025 19:29:54.343] [main/INFO] [mixin/]: Mixing accessor.LivingEntityAccessor from create.mixins.json into net.minecraft.world.entity.LivingEntity
[289月2025 19:29:54.646] [main/INFO] [mixin/]: Mixing entitydata.MixinPlayer from forge-badoptimizations.mixins.json into net.minecraft.world.entity.player.Player
[289月2025 19:29:54.649] [main/INFO] [mixin/]: Mixing allocations.fall_sounds.PlayerMixin from saturn.mixins.json into net.minecraft.world.entity.player.Player
[289月2025 19:29:54.649] [main/INFO] [mixin/]: Mixing allocations.item_cooldowns.PlayerMixin from saturn.mixins.json into net.minecraft.world.entity.player.Player
[289月2025 19:29:54.649] [main/INFO] [mixin/]: Mixing PlayerMixin from dummmmmmy-common.mixins.json into net.minecraft.world.entity.player.Player
[289月2025 19:29:54.650] [main/INFO] [mixin/]: Mixing PlayerMixin from create.mixins.json into net.minecraft.world.entity.player.Player
[289月2025 19:29:54.684] [main/INFO] [mixin/]: Mixing alloc.chunk_random.WorldMixin from lithium.mixins.json into net.minecraft.world.level.Level
[289月2025 19:29:54.685] [main/INFO] [mixin/]: Mixing entity.collisions.intersection.WorldMixin from lithium.mixins.json into net.minecraft.world.level.Level
[289月2025 19:29:54.686] [main/INFO] [mixin/]: Mixing util.block_entity_retrieval.WorldMixin from lithium.mixins.json into net.minecraft.world.level.Level
[289月2025 19:29:54.691] [main/INFO] [mixin/]: Mixing util.block_tracking.block_listening.WorldMixin from lithium.mixins.json into net.minecraft.world.level.Level
[289月2025 19:29:54.692] [main/INFO] [mixin/]: Mixing world.chunk_access.WorldMixin from lithium.mixins.json into net.minecraft.world.level.Level
[289月2025 19:29:54.692] [main/INFO] [mixin/]: Mixing world.inline_block_access.WorldMixin from lithium.mixins.json into net.minecraft.world.level.Level
[289月2025 19:29:54.699] [main/INFO] [mixin/]: Mixing world.inline_height.WorldMixin from lithium.mixins.json into net.minecraft.world.level.Level
[289月2025 19:29:54.701] [main/INFO] [mixin/]: Mixing LevelMixin from citadel.mixins.json into net.minecraft.world.level.Level
[289月2025 19:29:54.702] [main/INFO] [mixin/]: Mixing common.world.LevelMixin from starlight.mixins.json into net.minecraft.world.level.Level
[289月2025 19:29:54.702] [main/INFO] [mixin/]: Mixing LevelMixin from flywheel.impl.mixins.json into net.minecraft.world.level.Level
[289月2025 19:29:54.732] [main/INFO] [mixin/]: Mixing util.chunk_access.WorldViewMixin from lithium.mixins.json into net.minecraft.world.level.LevelReader
[289月2025 19:29:54.743] [main/INFO] [mixin/]: Mixing alloc.chunk_random.ServerWorldMixin from lithium.mixins.json into net.minecraft.server.level.ServerLevel
[289月2025 19:29:54.744] [main/INFO] [mixin/]: Mixing chunk.entity_class_groups.ServerWorldAccessor from lithium.mixins.json into net.minecraft.server.level.ServerLevel
[289月2025 19:29:54.748] [main/INFO] [mixin/]: Mixing entity.inactive_navigations.ServerWorldMixin from lithium.mixins.json into net.minecraft.server.level.ServerLevel
[289月2025 19:29:54.750] [main/INFO] [mixin/]: Mixing profiler.ServerWorldMixin from lithium.mixins.json into net.minecraft.server.level.ServerLevel
[289月2025 19:29:54.751] [main/INFO] [mixin/]: Mixing util.entity_movement_tracking.ServerWorldAccessor from lithium.mixins.json into net.minecraft.server.level.ServerLevel
[289月2025 19:29:54.755] [main/INFO] [mixin/]: Mixing MixinServerWorld from xaeroworldmap.mixins.json into net.minecraft.server.level.ServerLevel
[289月2025 19:29:54.756] [main/INFO] [mixin/]: Mixing ServerLevelMixin from citadel.mixins.json into net.minecraft.server.level.ServerLevel
[289月2025 19:29:54.758] [main/INFO] [mixin/]: Mixing common.world.ServerWorldMixin from starlight.mixins.json into net.minecraft.server.level.ServerLevel
[289月2025 19:29:54.760] [main/INFO] [mixin/]: Mixing ServerLevelMixin from moonlight-common.mixins.json into net.minecraft.server.level.ServerLevel
[289月2025 19:29:54.762] [main/INFO] [mixin/]: Mixing accessor.ServerLevelAccessor from create.mixins.json into net.minecraft.server.level.ServerLevel
[289月2025 19:29:54.767] [main/WARN] [mixin/]: Write access to @Mutable @Final field navigatingMobs:Ljava/util/Set; in lithium.mixins.json:entity.inactive_navigations.ServerWorldMixin::handler$zfd000$init
[289月2025 19:29:54.842] [main/INFO] [mixin/]: Mixing ItemEntityMixin from goety.mixins.json into net.minecraft.world.entity.item.ItemEntity
[289月2025 19:29:54.843] [main/INFO] [mixin/]: Mixing ItemMixin from cataclysm.mixins.json into net.minecraft.world.entity.item.ItemEntity
[289月2025 19:29:54.870] [main/INFO] [mixin/]: Mixing inject.MixinFluid from architectury-common.mixins.json into net.minecraft.world.level.material.Fluid
[289月2025 19:29:54.874] [main/INFO] [mixin/]: Mixing ItemMixin from moonlight-common.mixins.json into net.minecraft.world.item.Item
[289月2025 19:29:54.875] [main/INFO] [mixin/]: Mixing ItemMixin from moonlight.mixins.json into net.minecraft.world.item.Item
[289月2025 19:29:54.876] [main/INFO] [mixin/]: Mixing MixinItem from mixins.oculus.json into net.minecraft.world.item.Item
[289月2025 19:29:54.876] [main/INFO] [mixin/]: Mixing inject.MixinItem from architectury-common.mixins.json into net.minecraft.world.item.Item
[289月2025 19:29:54.877] [main/INFO] [mixin/]: Mixing ItemMixin from ftblibrary-common.mixins.json into net.minecraft.world.item.Item
[289月2025 19:29:54.914] [main/INFO] [mixin/]: Mixing impl.entitydistance.EntityTypeMixin from mixins.sodiumextras.json into net.minecraft.world.entity.EntityType
[289月2025 19:29:54.917] [main/INFO] [mixin/]: Mixing EntityTypeMixin from flywheel.impl.mixins.json into net.minecraft.world.entity.EntityType
[289月2025 19:29:54.918] [main/INFO] [mixin/]: Mixing inject.MixinEntityType from architectury-common.mixins.json into net.minecraft.world.entity.EntityType
[289月2025 19:29:54.918] [main/INFO] [mixin/]: Mixing renderer.entity.MixinEntityType from forge-badoptimizations.mixins.json into net.minecraft.world.entity.EntityType
[289月2025 19:29:54.929] [main/INFO] [mixin/]: Mixing ai.poi.PointOfInterestTypesMixin from lithium.mixins.json into net.minecraftforge.registries.GameData$PointOfInterestTypeCallbacks
[289月2025 19:29:54.953] [main/INFO] [mixin/]: Mixing impl.entitydistance.TileEntityTypeMixin from mixins.sodiumextras.json into net.minecraft.world.level.block.entity.BlockEntityType
[289月2025 19:29:54.953] [main/INFO] [mixin/]: Mixing BlockEntityTypeMixin from flywheel.impl.mixins.json into net.minecraft.world.level.block.entity.BlockEntityType
[289月2025 19:29:54.954] [main/INFO] [mixin/]: Mixing renderer.blockentity.MixinBlockEntityType from forge-badoptimizations.mixins.json into net.minecraft.world.level.block.entity.BlockEntityType
[289月2025 19:29:54.982] [main/INFO] [mixin/]: Mixing PoiMixin from moonlight-common.mixins.json into net.minecraft.world.entity.ai.village.poi.PoiType
[289月2025 19:29:55.013] [main/INFO] [mixin/]: Mixing KeepRichSoilGiantTreeMixin from farmersdelight.mixins.json into net.minecraft.world.level.levelgen.feature.Feature
[289月2025 19:29:55.013] [main/INFO] [mixin/]: Renaming synthetic method lambda$keepRichSoil$0(Lnet/minecraft/world/level/block/state/BlockState;)Z to md5a2e02$lambda$keepRichSoil$0$0 in farmersdelight.mixins.json:KeepRichSoilGiantTreeMixin
[289月2025 19:29:55.071] [main/INFO] [mixin/]: Mixing core.model.BakedModelMixin from embeddium.mixins.json into net.minecraft.client.resources.model.BakedModel
[289月2025 19:29:55.095] [main/INFO] [mixin/]: Mixing MixinServerPlayer from xaeroworldmap.mixins.json into net.minecraft.server.level.ServerPlayer
[289月2025 19:29:55.098] [main/INFO] [mixin/]: Mixing ServerPlayerMixin from moonlight-common.mixins.json into net.minecraft.server.level.ServerPlayer
[289月2025 19:29:55.129] [main/INFO] [mixin/]: Mixing FireBlockAccessor from goety.mixins.json into net.minecraft.world.level.block.FireBlock
[289月2025 19:29:55.133] [main/INFO] [mixin/]: Mixing FireBlockMixin from moonlight.mixins.json into net.minecraft.world.level.block.FireBlock
[289月2025 19:29:55.174] [main/INFO] [mixin/]: Mixing BaseFireBlockMixin from goety.mixins.json into net.minecraft.world.level.block.BaseFireBlock
[289月2025 19:29:55.190] [main/INFO] [mixin/]: Mixing math.fast_blockpos.DirectionMixin from lithium.mixins.json into net.minecraft.core.Direction
[289月2025 19:29:55.192] [main/INFO] [mixin/]: Mixing math.fast_util.DirectionMixin from lithium.mixins.json into net.minecraft.core.Direction
[289月2025 19:29:55.192] [main/INFO] [mixin/]: Mixing features.render.immediate.DirectionMixin from embeddium.mixins.json into net.minecraft.core.Direction
[289月2025 19:29:55.233] [main/INFO] [mixin/]: Mixing block.moving_block_shapes.VoxelShapeMixin from lithium.mixins.json into net.minecraft.world.phys.shapes.VoxelShape
[289月2025 19:29:55.235] [main/INFO] [mixin/]: Mixing shapes.specialized_shapes.VoxelShapeMixin from lithium.mixins.json into net.minecraft.world.phys.shapes.VoxelShape
[289月2025 19:29:55.259] [main/INFO] [mixin/]: Mixing shapes.optimized_matching.VoxelShapesMixin from lithium.mixins.json into net.minecraft.world.phys.shapes.Shapes
[289月2025 19:29:55.260] [main/INFO] [mixin/]: Mixing shapes.shape_merging.VoxelShapesMixin from lithium.mixins.json into net.minecraft.world.phys.shapes.Shapes
[289月2025 19:29:55.261] [main/INFO] [mixin/]: Mixing shapes.specialized_shapes.VoxelShapesMixin from lithium.mixins.json into net.minecraft.world.phys.shapes.Shapes
[289月2025 19:29:55.266] [main/WARN] [mixin/]: Write access to @Mutable @Final field INFINITY:Lnet/minecraft/world/phys/shapes/VoxelShape; in lithium.mixins.json:shapes.specialized_shapes.VoxelShapesMixin::<clinit>
[289月2025 19:29:55.266] [main/WARN] [mixin/]: Write access to @Mutable @Final field BLOCK:Lnet/minecraft/world/phys/shapes/VoxelShape; in lithium.mixins.json:shapes.specialized_shapes.VoxelShapesMixin::<clinit>
[289月2025 19:29:55.266] [main/WARN] [mixin/]: Write access to @Mutable @Final field EMPTY:Lnet/minecraft/world/phys/shapes/VoxelShape; in lithium.mixins.json:shapes.specialized_shapes.VoxelShapesMixin::<clinit>
[289月2025 19:29:55.295] [main/INFO] [mixin/]: Mixing shapes.precompute_shape_arrays.SimpleVoxelShapeMixin from lithium.mixins.json into net.minecraft.world.phys.shapes.CubeVoxelShape
[289月2025 19:29:55.306] [main/INFO] [mixin/]: Mixing shapes.precompute_shape_arrays.FractionalDoubleListMixin from lithium.mixins.json into net.minecraft.world.phys.shapes.CubePointRange
[289月2025 19:29:55.421] [main/INFO] [mixin/]: Mixing inject.MixinLiquidBlock from architectury-common.mixins.json into net.minecraft.world.level.block.LiquidBlock
[289月2025 19:29:55.430] [main/INFO] [mixin/]: Mixing ShearableBlocksMixin from wthit.mixins.json into net.minecraft.world.level.block.LeavesBlock
[289月2025 19:29:55.430] [main/INFO] [mixin/]: Mixing features.options.render_layers.LeavesBlockMixin from embeddium.mixins.json into net.minecraft.world.level.block.LeavesBlock
[289月2025 19:29:55.432] [main/INFO] [mixin/]: Mixing sodiumcompat.LeavesBlockMixin from cull-less-leaves.mixins.json into net.minecraft.world.level.block.LeavesBlock
[289月2025 19:29:55.441] [main/INFO] [mixin/]: Mixing ShearableBlocksMixin from wthit.mixins.json into net.minecraft.world.level.block.CherryLeavesBlock
[289月2025 19:29:55.443] [main/INFO] [mixin/]: Mixing ShearableBlocksMixin from wthit.mixins.json into net.minecraft.world.level.block.MangroveLeavesBlock
[289月2025 19:29:55.448] [main/INFO] [mixin/]: Mixing CuttingBoardDispenserMixin from farmersdelight.mixins.json into net.minecraft.world.level.block.DispenserBlock
[289月2025 19:29:55.449] [main/INFO] [mixin/]: Mixing accessor.DispenserBlockAccessor from moonlight-common.mixins.json into net.minecraft.world.level.block.DispenserBlock
[289月2025 19:29:55.450] [main/INFO] [mixin/]: Renaming @Accessor method getDispenserRegistry()Ljava/util/Map; to getDispenserRegistry_$md$5a2e02$0 in moonlight-common.mixins.json:accessor.DispenserBlockAccessor
[289月2025 19:29:55.453] [main/INFO] [mixin/]: Mixing accessor.DispenserBlockAccessor from create.mixins.json into net.minecraft.world.level.block.DispenserBlock
[289月2025 19:29:55.477] [main/INFO] [mixin/]: Mixing NoteBlockAccess from wthit.mixins.json into net.minecraft.world.level.block.NoteBlock
[289月2025 19:29:55.491] [main/INFO] [mixin/]: Mixing alloc.enum_values.piston_block.PistonBlockMixin from lithium.mixins.json into net.minecraft.world.level.block.piston.PistonBaseBlock
[289月2025 19:29:55.504] [main/INFO] [mixin/]: Mixing ShearableBlocksMixin from wthit.mixins.json into net.minecraft.world.level.block.WebBlock
[289月2025 19:29:55.505] [main/INFO] [mixin/]: Mixing ShearableBlocksMixin from wthit.mixins.json into net.minecraft.world.level.block.TallGrassBlock
[289月2025 19:29:55.508] [main/INFO] [mixin/]: Mixing ShearableBlocksMixin from wthit.mixins.json into net.minecraft.world.level.block.DeadBushBlock
[289月2025 19:29:55.509] [main/INFO] [mixin/]: Mixing ShearableBlocksMixin from wthit.mixins.json into net.minecraft.world.level.block.SeagrassBlock
[289月2025 19:29:55.515] [main/INFO] [mixin/]: Mixing ChiseledBookShelfBlockAccess from wthit.mixins.json into net.minecraft.world.level.block.ChiseledBookShelfBlock
[289月2025 19:29:55.516] [main/INFO] [mixin/]: Renaming @Invoker method wthit_getRelativeHitCoordinatesForBlockFace(Lnet/minecraft/world/phys/BlockHitResult;Lnet/minecraft/core/Direction;)Ljava/util/Optional; to wthit_getRelativeHitCoordinatesForBlockFace_$md$5a2e02$0 in wthit.mixins.json:ChiseledBookShelfBlockAccess
[289月2025 19:29:55.521] [main/INFO] [mixin/]: Renaming @Invoker method wthit_getHitSlot(Lnet/minecraft/world/phys/Vec2;)I to wthit_getHitSlot_$md$5a2e02$1 in wthit.mixins.json:ChiseledBookShelfBlockAccess
[289月2025 19:29:55.537] [main/INFO] [mixin/]: Mixing alloc.enum_values.redstone_wire.RedstoneWireBlockMixin from lithium.mixins.json into net.minecraft.world.level.block.RedStoneWireBlock
[289月2025 19:29:55.538] [main/INFO] [mixin/]: Mixing block.redstone_wire.RedstoneWireBlockMixin from lithium.mixins.json into net.minecraft.world.level.block.RedStoneWireBlock
[289月2025 19:29:55.564] [main/INFO] [mixin/]: Mixing accessor.CropBlockAccessor from create.mixins.json into net.minecraft.world.level.block.CropBlock
[289月2025 19:29:55.570] [main/INFO] [mixin/]: Mixing KeepRichSoilUntrampledMixin from farmersdelight.mixins.json into net.minecraft.world.level.block.FarmBlock
[289月2025 19:29:55.600] [main/INFO] [mixin/]: Mixing ShearableBlocksMixin from wthit.mixins.json into net.minecraft.world.level.block.VineBlock
[289月2025 19:29:55.622] [main/INFO] [mixin/]: Mixing util.inventory_comparator_tracking.ComparatorBlockMixin from lithium.mixins.json into net.minecraft.world.level.block.ComparatorBlock
[289月2025 19:29:55.637] [main/INFO] [mixin/]: Mixing ChorusPlantBlockMixin from goety.mixins.json into net.minecraft.world.level.block.ChorusPlantBlock
[289月2025 19:29:55.661] [main/INFO] [mixin/]: Mixing ChorusFlowerBlockMixin from goety.mixins.json into net.minecraft.world.level.block.ChorusFlowerBlock
[289月2025 19:29:55.678] [main/INFO] [mixin/]: Mixing ShulkerBoxBlockMixin from create.mixins.json into net.minecraft.world.level.block.ShulkerBoxBlock
[289月2025 19:29:55.691] [main/INFO] [mixin/]: Mixing accessor.ConcretePowderBlockAccessor from create.mixins.json into net.minecraft.world.level.block.ConcretePowderBlock
[289月2025 19:29:55.710] [main/INFO] [mixin/]: Mixing CampfireBaleMixin from farmersdelight.mixins.json into net.minecraft.world.level.block.CampfireBlock
[289月2025 19:29:55.723] [main/INFO] [mixin/]: Mixing BeehiveBlockMixin from create.mixins.json into net.minecraft.world.level.block.BeehiveBlock
[289月2025 19:29:55.739] [main/INFO] [mixin/]: Mixing MixinPowderSnowBlock from curios.mixins.json into net.minecraft.world.level.block.PowderSnowBlock
[289月2025 19:29:55.779] [main/INFO] [mixin/]: Mixing FlowingFluidMixin from goety.mixins.json into net.minecraft.world.level.material.FlowingFluid
[289月2025 19:29:55.780] [main/INFO] [mixin/]: Mixing WaterWheelFluidSpreadMixin from create.mixins.json into net.minecraft.world.level.material.FlowingFluid
[289月2025 19:29:55.784] [main/INFO] [mixin/]: Mixing accessor.FlowingFluidAccessor from create.mixins.json into net.minecraft.world.level.material.FlowingFluid
[289月2025 19:29:55.806] [main/INFO] [mixin/]: Mixing block.flatten_states.FluidStateMixin from lithium.mixins.json into net.minecraft.world.level.material.FluidState
[289月2025 19:29:55.837] [main/INFO] [mixin/]: Mixing entity.inactive_navigations.MobEntityMixin from lithium.mixins.json into net.minecraft.world.entity.Mob
[289月2025 19:29:55.838] [main/INFO] [mixin/]: Mixing entity.skip_equipment_change_check.MobEntityMixin from lithium.mixins.json into net.minecraft.world.entity.Mob
[289月2025 19:29:55.838] [main/INFO] [mixin/]: Mixing MobAccessor from goety.mixins.json into net.minecraft.world.entity.Mob
[289月2025 19:29:55.841] [main/INFO] [mixin/]: Mixing EntityMixin from moonlight-common.mixins.json into net.minecraft.world.entity.Mob
[289月2025 19:29:55.873] [main/INFO] [mixin/]: Mixing util.inventory_change_listening.BlockEntityMixin from lithium.mixins.json into net.minecraft.world.level.block.entity.BlockEntity
[289月2025 19:29:55.873] [main/INFO] [mixin/]: Mixing util.inventory_comparator_tracking.BlockEntityMixin from lithium.mixins.json into net.minecraft.world.level.block.entity.BlockEntity
[289月2025 19:29:55.874] [main/INFO] [mixin/]: Mixing visualmanage.BlockEntityMixin from flywheel.impl.mixins.json into net.minecraft.world.level.block.entity.BlockEntity
[289月2025 19:29:55.897] [main/INFO] [mixin/]: Mixing world.explosions.ExplosionMixin from lithium.mixins.json into net.minecraft.world.level.Explosion
[289月2025 19:29:55.898] [main/WARN] [mixin/]: @Shadow field lithium.mixins.json:world.explosions.ExplosionMixin::radius is decorated with @Final but target is not final
[289月2025 19:29:55.898] [main/WARN] [mixin/]: @Shadow field lithium.mixins.json:world.explosions.ExplosionMixin::x is decorated with @Final but target is not final
[289月2025 19:29:55.898] [main/WARN] [mixin/]: @Shadow field lithium.mixins.json:world.explosions.ExplosionMixin::y is decorated with @Final but target is not final
[289月2025 19:29:55.898] [main/WARN] [mixin/]: @Shadow field lithium.mixins.json:world.explosions.ExplosionMixin::z is decorated with @Final but target is not final
[289月2025 19:29:55.898] [main/WARN] [mixin/]: @Shadow field lithium.mixins.json:world.explosions.ExplosionMixin::level is decorated with @Final but target is not final
[289月2025 19:29:55.898] [main/WARN] [mixin/]: @Shadow field lithium.mixins.json:world.explosions.ExplosionMixin::damageCalculator is decorated with @Final but target is not final
[289月2025 19:29:55.898] [main/WARN] [mixin/]: @Shadow field lithium.mixins.json:world.explosions.ExplosionMixin::fire is decorated with @Final but target is not final
[289月2025 19:29:55.927] [main/INFO] [mixin/]: Mixing FixBlockPlaceContextMixin from moonlight-common.mixins.json into net.minecraft.world.item.context.BlockPlaceContext
[289月2025 19:29:55.942] [main/INFO] [mixin/]: Mixing accessor.UseOnContextAccessor from create.mixins.json into net.minecraft.world.item.context.UseOnContext
[289月2025 19:29:55.987] [main/INFO] [mixin/]: Mixing MixinFallingBlockEntity from architectury.mixins.json into net.minecraft.world.entity.item.FallingBlockEntity
[289月2025 19:29:55.988] [main/INFO] [mixin/]: Mixing accessor.FallingBlockEntityAccessor from create.mixins.json into net.minecraft.world.entity.item.FallingBlockEntity
[289月2025 19:29:55.988] [main/INFO] [mixin/]: Renaming @Invoker method create$callInit(Lnet/minecraft/world/level/Level;DDDLnet/minecraft/world/level/block/state/BlockState;)Lnet/minecraft/world/entity/item/FallingBlockEntity; to create$callInit_$md$5a2e02$0 in create.mixins.json:accessor.FallingBlockEntityAccessor
[289月2025 19:29:56.008] [main/INFO] [mixin/]: Mixing BrushableBlockEntityMixin from mixins.goetydelight.json into net.minecraft.world.level.block.entity.BrushableBlockEntity
[289月2025 19:29:56.044] [main/INFO] [mixin/]: Mixing util.inventory_change_listening.StackListReplacementTracking$InventoryChangeTrackingDispenserBlockEntity from lithium.mixins.json into net.minecraft.world.level.block.entity.DispenserBlockEntity
[289月2025 19:29:56.044] [main/INFO] [mixin/]: Mixing accessor.DispenserBlockEntityAccessor from moonlight-common.mixins.json into net.minecraft.world.level.block.entity.DispenserBlockEntity
[289月2025 19:29:56.056] [main/INFO] [mixin/]: Mixing RandomizableContainerBlockEntityAccess from wthit.mixins.json into net.minecraft.world.level.block.entity.RandomizableContainerBlockEntity
[289月2025 19:29:56.062] [main/INFO] [mixin/]: Mixing util.inventory_change_listening.LockableContainerBlockEntityMixin from lithium.mixins.json into net.minecraft.world.level.block.entity.BaseContainerBlockEntity
[289月2025 19:29:56.063] [main/INFO] [mixin/]: Renaming synthetic method lambda$emitFirstComparatorAdded$0(Lme/jellysquid/mods/lithium/common/block/entity/inventory_change_tracking/InventoryChangeListener;)Z to md5a2e02$lambda$emitFirstComparatorAdded$0$0 in lithium.mixins.json:util.inventory_change_listening.LockableContainerBlockEntityMixin
[289月2025 19:29:56.064] [main/INFO] [mixin/]: Mixing util.inventory_change_listening.StackListReplacementTracking$StackListReplacementTrackingLockableContainerBlockEntity from lithium.mixins.json into net.minecraft.world.level.block.entity.BaseContainerBlockEntity
[289月2025 19:29:56.064] [main/INFO] [mixin/]: Mixing BaseContainerBlockEntityAccess from wthit.mixins.json into net.minecraft.world.level.block.entity.BaseContainerBlockEntity
[289月2025 19:29:56.144] [main/INFO] [mixin/]: Mixing math.fast_util.AxisCycleDirectionMixin$ForwardMixin from lithium.mixins.json into net.minecraft.core.AxisCycle$2
[289月2025 19:29:56.146] [main/INFO] [mixin/]: Mixing math.fast_util.AxisCycleDirectionMixin$BackwardMixin from lithium.mixins.json into net.minecraft.core.AxisCycle$3
[289月2025 19:29:56.166] [main/INFO] [mixin/]: Mixing entity.collisions.unpushable_cramming.AbstractMinecartEntityMixin from lithium.mixins.json into net.minecraft.world.entity.vehicle.AbstractMinecart
[289月2025 19:29:56.166] [main/INFO] [mixin/]: Mixing entity.replace_entitytype_predicates.AbstractMinecartEntityMixin from lithium.mixins.json into net.minecraft.world.entity.vehicle.AbstractMinecart
[289月2025 19:29:56.167] [main/INFO] [mixin/]: Renaming synthetic method lambda$getOtherAbstractMinecarts$0(Lnet/minecraft/world/entity/Entity;Lnet/minecraft/world/entity/vehicle/AbstractMinecart;)Z to md5a2e02$lambda$getOtherAbstractMinecarts$0$0 in lithium.mixins.json:entity.replace_entitytype_predicates.AbstractMinecartEntityMixin
[289月2025 19:29:56.193] [main/INFO] [mixin/]: Mixing math.fast_util.BoxMixin from lithium.mixins.json into net.minecraft.world.phys.AABB
[289月2025 19:29:56.211] [main/INFO] [mixin/]: Mixing block.moving_block_shapes.PistonBlockEntityMixin from lithium.mixins.json into net.minecraft.world.level.block.piston.PistonMovingBlockEntity
[289月2025 19:29:56.213] [main/INFO] [mixin/]: Mixing PistonBlockEntityMixin from moonlight-common.mixins.json into net.minecraft.world.level.block.piston.PistonMovingBlockEntity
[289月2025 19:29:56.261] [main/INFO] [mixin/]: Mixing AccessorRangedAttribute from attributefix.mixins.json into net.minecraft.world.entity.ai.attributes.RangedAttribute
[289月2025 19:29:56.285] [main/INFO] [mixin/]: Mixing KeepRichSoilTreeMixin from farmersdelight.mixins.json into net.minecraft.world.level.levelgen.feature.trunkplacers.TrunkPlacer
[289月2025 19:29:56.285] [main/INFO] [mixin/]: Renaming synthetic method lambda$cancelSetDirtIfRichSoil$0(Lnet/minecraft/world/level/block/state/BlockState;)Z to md5a2e02$lambda$cancelSetDirtIfRichSoil$0$0 in farmersdelight.mixins.json:KeepRichSoilTreeMixin
[289月2025 19:29:56.309] [main/INFO] [mixin/]: Mixing ChiseledBookShelfBlockEntityAccess from wthit.mixins.json into net.minecraft.world.level.block.entity.ChiseledBookShelfBlockEntity
[289月2025 19:29:56.365] [main/INFO] [mixin/]: Mixing util.inventory_change_listening.ChestBlockEntityMixin from lithium.mixins.json into net.minecraft.world.level.block.entity.ChestBlockEntity
[289月2025 19:29:56.365] [main/INFO] [mixin/]: Mixing util.inventory_change_listening.StackListReplacementTracking$InventoryChangeTrackingChestBlockEntity from lithium.mixins.json into net.minecraft.world.level.block.entity.ChestBlockEntity
[289月2025 19:29:56.426] [main/INFO] [mixin/]: Mixing MixinInventory from curios.mixins.json into net.minecraft.world.entity.player.Inventory
[289月2025 19:29:56.427] [main/INFO] [mixin/]: Mixing InventoryMixin from moonlight-common.mixins.json into net.minecraft.world.entity.player.Inventory
[289月2025 19:29:56.453] [main/INFO] [mixin/]: Mixing util.inventory_change_listening.StackListReplacementTracking$InventoryChangeTrackingAbstractFurnaceBlockEntity from lithium.mixins.json into net.minecraft.world.level.block.entity.AbstractFurnaceBlockEntity
[289月2025 19:29:56.454] [main/INFO] [mixin/]: Mixing AbstractFurnaceBlockEntityAccess from wthit.mixins.json into net.minecraft.world.level.block.entity.AbstractFurnaceBlockEntity
[289月2025 19:29:56.508] [main/INFO] [mixin/]: Mixing AbstractArrowMixin from goety.mixins.json into net.minecraft.world.entity.projectile.AbstractArrow
[289月2025 19:29:56.559] [main/INFO] [mixin/]: Mixing allocations.fall_sounds.MonsterMixin from saturn.mixins.json into net.minecraft.world.entity.monster.Monster
[289月2025 19:29:56.598] [main/INFO] [mixin/]: Mixing util.inventory_change_listening.StackListReplacementTracking$InventoryChangeTrackingBrewingStandBlockEntity from lithium.mixins.json into net.minecraft.world.level.block.entity.BrewingStandBlockEntity
[289月2025 19:29:56.622] [main/INFO] [mixin/]: Mixing BeaconBlockEntityAccess from wthit.mixins.json into net.minecraft.world.level.block.entity.BeaconBlockEntity
[289月2025 19:29:56.687] [main/INFO] [mixin/]: Mixing entity.replace_entitytype_predicates.ItemFrameEntityMixin from lithium.mixins.json into net.minecraft.world.entity.decoration.ItemFrame
[289月2025 19:29:56.687] [main/INFO] [mixin/]: Renaming synthetic method lambda$getAbstractDecorationEntities$0(Lnet/minecraft/world/entity/Entity;Lnet/minecraft/world/entity/decoration/HangingEntity;)Z to md5a2e02$lambda$getAbstractDecorationEntities$0$0 in lithium.mixins.json:entity.replace_entitytype_predicates.ItemFrameEntityMixin
[289月2025 19:29:56.704] [main/INFO] [mixin/]: Mixing entity.replace_entitytype_predicates.AbstractDecorationEntityMixin from lithium.mixins.json into net.minecraft.world.entity.decoration.HangingEntity
[289月2025 19:29:56.704] [main/INFO] [mixin/]: Renaming synthetic method lambda$getAbstractDecorationEntities$0(Lnet/minecraft/world/entity/Entity;Lnet/minecraft/world/entity/decoration/HangingEntity;)Z to md5a2e02$lambda$getAbstractDecorationEntities$0$0 in lithium.mixins.json:entity.replace_entitytype_predicates.AbstractDecorationEntityMixin
[289月2025 19:29:56.719] [main/INFO] [mixin/]: Mixing entity.hopper_minecart.HopperBlockEntityMixin from lithium.mixins.json into net.minecraft.world.level.block.entity.HopperBlockEntity
[289月2025 19:29:56.721] [main/INFO] [mixin/]: Mixing util.inventory_change_listening.StackListReplacementTracking$InventoryChangeTrackingHopperBlockEntity from lithium.mixins.json into net.minecraft.world.level.block.entity.HopperBlockEntity
[289月2025 19:29:56.802] [main/INFO] [mixin/]: Mixing util.inventory_change_listening.StackListReplacementTracking$InventoryChangeTrackingShulkerBoxBlockEntity from lithium.mixins.json into net.minecraft.world.level.block.entity.ShulkerBoxBlockEntity
[289月2025 19:29:56.928] [main/INFO] [mixin/]: Mixing util.inventory_change_listening.StackListReplacementTracking$InventoryChangeTrackingBarrelBlockEntity from lithium.mixins.json into net.minecraft.world.level.block.entity.BarrelBlockEntity
[289月2025 19:29:56.943] [main/INFO] [mixin/]: Mixing SmithingMenuMixin from citadel.mixins.json into net.minecraft.world.inventory.SmithingMenu
[289月2025 19:29:56.946] [main/INFO] [mixin/]: Mixing SmithingMenuMixin from create.mixins.json into net.minecraft.world.inventory.SmithingMenu
[289月2025 19:29:56.946] [main/INFO] [mixin/]: Renaming synthetic method lambda$create$preventUnbreakingOnBacktanks$0(Lnet/minecraft/world/item/ItemStack;Ljava/util/Map;Lnet/minecraft/world/item/enchantment/Enchantment;Ljava/lang/Integer;)V to md5a2e02$lambda$create$preventUnbreakingOnBacktanks$0$0 in create.mixins.json:SmithingMenuMixin
[289月2025 19:29:57.002] [main/INFO] [mixin/]: Mixing ChunkGeneratorMixin from citadel.mixins.json into net.minecraft.world.level.chunk.ChunkGenerator
[289月2025 19:29:57.036] [main/INFO] [mixin/]: Mixing alloc.composter.ComposterMixin$ComposterBlockComposterInventoryMixin from lithium.mixins.json into net.minecraft.world.level.block.ComposterBlock$InputContainer
[289月2025 19:29:57.040] [main/INFO] [mixin/]: Mixing alloc.composter.ComposterMixin$ComposterBlockDummyInventoryMixin from lithium.mixins.json into net.minecraft.world.level.block.ComposterBlock$EmptyContainer
[289月2025 19:29:57.048] [main/INFO] [mixin/]: Mixing BeehiveBlockEntityAccess from wthit.mixins.json into net.minecraft.world.level.block.entity.BeehiveBlockEntity
[289月2025 19:29:57.133] [main/INFO] [mixin/]: Mixing LightningEntityMixin from moonlight-common.mixins.json into net.minecraft.world.entity.LightningBolt
[289月2025 19:29:57.133] [main/INFO] [mixin/]: Mixing MixinLightningBolt from architectury-common.mixins.json into net.minecraft.world.entity.LightningBolt
[289月2025 19:29:57.205] [main/INFO] [mixin/]: Mixing BlockItemMixin from moonlight-common.mixins.json into net.minecraft.world.item.BlockItem
[289月2025 19:29:57.205] [main/INFO] [mixin/]: Mixing BlockItemMixin from create.mixins.json into net.minecraft.world.item.BlockItem
[289月2025 19:29:57.235] [main/INFO] [mixin/]: Mixing ArrowItemMixin from goety.mixins.json into net.minecraft.world.item.ArrowItem
[289月2025 19:29:57.245] [main/INFO] [mixin/]: Mixing SwordItemMixin from dummmmmmy-common.mixins.json into net.minecraft.world.item.SwordItem
[289月2025 19:29:57.253] [main/INFO] [mixin/]: Mixing ShovelItemAccess from ftbultimine-common.mixins.json into net.minecraft.world.item.ShovelItem
[289月2025 19:29:57.253] [main/WARN] [mixin/]: ftbultimine-common.mixins.json:ShovelItemAccess: Class version 61 required is higher than the class version supported by the current version of Mixin (JAVA_8 supports class version 52)
[289月2025 19:29:57.253] [main/INFO] [mixin/]: Renaming @Accessor method getFlattenables()Ljava/util/Map; to getFlattenables_$md$5a2e02$0 in ftbultimine-common.mixins.json:ShovelItemAccess
[289月2025 19:29:57.262] [main/INFO] [mixin/]: Mixing ToolItemMixin from dummmmmmy-common.mixins.json into net.minecraft.world.item.DiggerItem
[289月2025 19:29:57.270] [main/INFO] [mixin/]: Mixing AxeItemAccess from ftbultimine-common.mixins.json into net.minecraft.world.item.AxeItem
[289月2025 19:29:57.277] [main/INFO] [mixin/]: Mixing SoupItemMixin from farmersdelight.mixins.json into net.minecraft.world.item.BowlFoodItem
[289月2025 19:29:57.290] [main/INFO] [mixin/]: Mixing inject.MixinBucketItem from architectury-common.mixins.json into net.minecraft.world.item.BucketItem
[289月2025 19:29:57.299] [main/INFO] [mixin/]: Mixing MapItemMixin from moonlight-common.mixins.json into net.minecraft.world.item.MapItem
[289月2025 19:29:57.300] [main/INFO] [mixin/]: Renaming synthetic method lambda$update$1(Lnet/minecraft/world/level/saveddata/maps/MapItemSavedData;Lnet/minecraft/world/entity/Entity;Ljava/util/concurrent/atomic/AtomicBoolean;Lnet/minecraft/resources/ResourceLocation;Lnet/mehvahdjukaar/moonlight/api/map/CustomMapData;)V to md5a2e02$lambda$update$1$0 in moonlight-common.mixins.json:MapItemMixin
[289月2025 19:29:57.300] [main/INFO] [mixin/]: Renaming synthetic method lambda$appendHoverText$0(Lnet/minecraft/world/level/saveddata/maps/MapItemSavedData;Lnet/minecraft/world/item/ItemStack;Ljava/util/List;Lnet/minecraft/resources/ResourceLocation;Lnet/mehvahdjukaar/moonlight/api/map/CustomMapData;)V to md5a2e02$lambda$appendHoverText$0$1 in moonlight-common.mixins.json:MapItemMixin
[289月2025 19:29:57.315] [main/INFO] [mixin/]: Mixing ShearItemMixin from moonlight-common.mixins.json into net.minecraft.world.item.ShearsItem
[289月2025 19:29:57.315] [main/INFO] [mixin/]: Mixing MixinShearsItem from curios.mixins.json into net.minecraft.world.item.ShearsItem
[289月2025 19:29:57.346] [main/INFO] [mixin/]: Mixing ArmorStandFIxMixin from dummmmmmy-common.mixins.json into net.minecraft.world.item.ArmorStandItem
[289月2025 19:29:57.364] [main/INFO] [mixin/]: Mixing accessor.SuspiciousStewItemAccessor from create.mixins.json into net.minecraft.world.item.SuspiciousStewItem
[289月2025 19:29:57.364] [main/INFO] [mixin/]: Renaming @Invoker method create$listPotionEffects(Lnet/minecraft/world/item/ItemStack;Ljava/util/function/Consumer;)V to create$listPotionEffects_$md$5a2e02$0 in create.mixins.json:accessor.SuspiciousStewItemAccessor
[289月2025 19:29:57.377] [main/INFO] [mixin/]: Mixing inject.MixinItemProperties from architectury-common.mixins.json into net.minecraft.world.item.Item$Properties
[289月2025 19:29:57.403] [main/INFO] [mixin/]: Mixing common.chunk.ChunkAccessMixin from starlight.mixins.json into net.minecraft.world.level.chunk.ChunkAccess
[289月2025 19:29:57.410] [main/INFO] [mixin/]: Mixing world.inline_block_access.WorldChunkMixin from lithium.mixins.json into net.minecraft.world.level.chunk.LevelChunk
[289月2025 19:29:57.411] [main/INFO] [mixin/]: Mixing collections.block_entity_tickers.WorldChunkMixin from lithium.mixins.json into net.minecraft.world.level.chunk.LevelChunk
[289月2025 19:29:57.413] [main/INFO] [mixin/]: Mixing world.combined_heightmap_update.WorldChunkMixin from lithium.mixins.json into net.minecraft.world.level.chunk.LevelChunk
[289月2025 19:29:57.414] [main/INFO] [mixin/]: Mixing world.inline_height.WorldChunkMixin from lithium.mixins.json into net.minecraft.world.level.chunk.LevelChunk
[289月2025 19:29:57.414] [main/INFO] [mixin/]: Mixing MixinWorldChunk from xaeroworldmap.mixins.json into net.minecraft.world.level.chunk.LevelChunk
[289月2025 19:29:57.414] [main/INFO] [mixin/]: Mixing common.chunk.LevelChunkMixin from starlight.mixins.json into net.minecraft.world.level.chunk.LevelChunk
[289月2025 19:29:57.416] [main/INFO] [mixin/]: Mixing LevelChunkMixin from moonlight-common.mixins.json into net.minecraft.world.level.chunk.LevelChunk
[289月2025 19:29:57.417] [main/INFO] [mixin/]: Mixing visualmanage.LevelChunkMixin from flywheel.impl.mixins.json into net.minecraft.world.level.chunk.LevelChunk
[289月2025 19:29:57.419] [main/WARN] [mixin/]: Write access to @Mutable @Final field tickersInLevel:Ljava/util/Map; in lithium.mixins.json:collections.block_entity_tickers.WorldChunkMixin::handler$zdg000$createFastUtilMap
[289月2025 19:29:57.485] [main/INFO] [mixin/]: Mixing entity.inactive_navigations.EntityNavigationMixin from lithium.mixins.json into net.minecraft.world.entity.ai.navigation.PathNavigation
[289月2025 19:29:57.680] [main/INFO] [mixin/]: Mixing alloc.nbt.NbtCompoundMixin from lithium.mixins.json into net.minecraft.nbt.CompoundTag
[289月2025 19:29:57.696] [main/INFO] [mixin/]: Mixing alloc.nbt.NbtCompoundMixin$Type from lithium.mixins.json into net.minecraft.nbt.CompoundTag$1
[289月2025 19:29:58.023] [main/INFO] [mixin/]: Mixing allocations.fall_sounds.ArmorStandMixin from saturn.mixins.json into net.minecraft.world.entity.decoration.ArmorStand
[289月2025 19:29:58.024] [main/INFO] [mixin/]: Mixing entity.replace_entitytype_predicates.ArmorStandEntityMixin from lithium.mixins.json into net.minecraft.world.entity.decoration.ArmorStand
[289月2025 19:29:58.024] [main/INFO] [mixin/]: Renaming synthetic method lambda$getMinecartsDirectly$0(Lnet/minecraft/world/entity/Entity;Lnet/minecraft/world/entity/Entity;)Z to md5a2e02$lambda$getMinecartsDirectly$0$0 in lithium.mixins.json:entity.replace_entitytype_predicates.ArmorStandEntityMixin
[289月2025 19:29:58.034] [main/INFO] [mixin/]: Mixing entity.skip_equipment_change_check.ArmorStandEntityMixin from lithium.mixins.json into net.minecraft.world.entity.decoration.ArmorStand
[289月2025 19:29:58.074] [main/INFO] [mixin/]: Mixing BeeGoalMixin from moonlight-common.mixins.json into net.minecraft.world.entity.animal.Bee$BeeGrowCropGoal
[289月2025 19:29:58.093] [main/INFO] [mixin/]: Mixing entity.collisions.unpushable_cramming.BoatEntityMixin from lithium.mixins.json into net.minecraft.world.entity.vehicle.Boat
[289月2025 19:29:58.154] [main/INFO] [mixin/]: Mixing entity.inactive_navigations.DrownedEntityMixin from lithium.mixins.json into net.minecraft.world.entity.monster.Drowned
[289月2025 19:29:58.293] [main/INFO] [mixin/]: Mixing entity.inactive_navigations.DrownedEntityLeaveWaterGoalMixin from lithium.mixins.json into net.minecraft.world.entity.monster.Drowned$DrownedGoToBeachGoal
[289月2025 19:29:58.311] [main/INFO] [mixin/]: Mixing EnderDragonMixin from goety.mixins.json into net.minecraft.world.entity.boss.enderdragon.EnderDragon
[289月2025 19:29:58.331] [main/INFO] [mixin/]: Mixing ai.raid.RaiderEntityMixin from lithium.mixins.json into net.minecraft.world.entity.raid.Raider
[289月2025 19:29:58.332] [main/INFO] [mixin/]: Renaming synthetic method lambda$static$0(Lnet/minecraft/world/entity/item/ItemEntity;)Z to md5a2e02$lambda$static$0$0 in lithium.mixins.json:ai.raid.RaiderEntityMixin
[289月2025 19:29:58.332] [main/WARN] [mixin/]: Write access to @Mutable @Final field ALLOWED_ITEMS:Ljava/util/function/Predicate; in lithium.mixins.json:ai.raid.RaiderEntityMixin::<clinit>
[289月2025 19:29:58.346] [main/INFO] [mixin/]: Mixing ai.raid.PickupBannerAsLeaderGoalMixin from lithium.mixins.json into net.minecraft.world.entity.raid.Raider$ObtainRaidLeaderBannerGoal
[289月2025 19:29:58.356] [main/INFO] [mixin/]: Mixing ai.poi.tasks.RaiderEntityAttackHomeGoalMixin from lithium.mixins.json into net.minecraft.world.entity.raid.Raider$RaiderMoveThroughVillageGoal
[289月2025 19:29:58.389] [main/INFO] [mixin/]: Mixing FrogMixin from goety.mixins.json into net.minecraft.world.entity.animal.frog.Frog
[289月2025 19:29:58.412] [main/INFO] [mixin/]: Mixing allocations.do_nothing.ZoglinMixin from saturn.mixins.json into net.minecraft.world.entity.monster.Zoglin
[289月2025 19:29:58.434] [main/INFO] [mixin/]: Mixing entity.replace_entitytype_predicates.IronGolemWanderAroundGoalMixin from lithium.mixins.json into net.minecraft.world.entity.ai.goal.GolemRandomStrollInVillageGoal
[289月2025 19:29:58.453] [main/INFO] [mixin/]: Mixing entity.replace_entitytype_predicates.FormCaravanGoalMixin from lithium.mixins.json into net.minecraft.world.entity.ai.goal.LlamaFollowCaravanGoal
[289月2025 19:29:58.453] [main/INFO] [mixin/]: Renaming synthetic method lambda$getLlamasForCaravan$0(Lnet/minecraft/world/entity/Entity;Lnet/minecraft/world/entity/animal/horse/Llama;)Z to md5a2e02$lambda$getLlamasForCaravan$0$0 in lithium.mixins.json:entity.replace_entitytype_predicates.FormCaravanGoalMixin
[289月2025 19:29:58.465] [main/INFO] [mixin/]: Mixing SlimeMixin from mobbattle.mixins.json into net.minecraft.world.entity.monster.Slime
[289月2025 19:29:58.492] [main/INFO] [mixin/]: Mixing allocations.animal.PigMixin from saturn.mixins.json into net.minecraft.world.entity.animal.Pig
[289月2025 19:29:58.506] [main/INFO] [mixin/]: Mixing ThrownPotionMixin from moonlight-common.mixins.json into net.minecraft.world.entity.projectile.ThrownPotion
[289月2025 19:29:58.516] [main/INFO] [mixin/]: Mixing RabbitsEatCabbageMixin from farmersdelight.mixins.json into net.minecraft.world.entity.animal.Rabbit
[289月2025 19:29:58.530] [main/INFO] [mixin/]: Mixing allocations.animal.SheepMixin from saturn.mixins.json into net.minecraft.world.entity.animal.Sheep
[289月2025 19:29:58.565] [main/INFO] [mixin/]: Mixing allocations.animal.StriderMixin from saturn.mixins.json into net.minecraft.world.entity.monster.Strider
[289月2025 19:29:58.589] [main/INFO] [mixin/]: Mixing entity.data_tracker.use_arrays.DataTrackerMixin from lithium.mixins.json into net.minecraft.network.syncher.SynchedEntityData
[289月2025 19:29:58.594] [main/INFO] [mixin/]: Mixing entity.data_tracker.no_locks.DataTrackerMixin from lithium.mixins.json into net.minecraft.network.syncher.SynchedEntityData
[289月2025 19:29:58.594] [main/INFO] [mixin/]: Mixing entitydata.MixinDataTracker from forge-badoptimizations.mixins.json into net.minecraft.network.syncher.SynchedEntityData
[289月2025 19:29:58.595] [main/WARN] [mixin/]: Write access to @Mutable @Final field lock:Ljava/util/concurrent/locks/ReadWriteLock; in lithium.mixins.json:entity.data_tracker.no_locks.DataTrackerMixin::handler$zei000$init
[289月2025 19:29:58.596] [main/WARN] [mixin/]: Write access to @Mutable @Final field lock:Ljava/util/concurrent/locks/ReadWriteLock; in forge-badoptimizations.mixins.json:entitydata.MixinDataTracker::handler$cek000$replaceLock
[289月2025 19:29:58.627] [main/INFO] [mixin/]: Mixing SensorMixin from goety.mixins.json into net.minecraft.world.entity.ai.sensing.Sensor
[289月2025 19:29:58.627] [main/INFO] [mixin/]: Renaming synthetic method lambda$mixinDoTick$0(Lnet/minecraft/world/entity/LivingEntity;)Z to md5a2e02$lambda$mixinDoTick$0$0 in goety.mixins.json:SensorMixin
[289月2025 19:29:58.643] [main/INFO] [mixin/]: Mixing ai.sensor.secondary_poi.SecondaryPointsOfInterestSensorMixin from lithium.mixins.json into net.minecraft.world.entity.ai.sensing.SecondaryPoiSensor
[289月2025 19:29:58.655] [main/INFO] [mixin/]: Mixing WardenMixin from mobbattle.mixins.json into net.minecraft.world.entity.monster.warden.Warden
[289月2025 19:29:58.665] [main/INFO] [mixin/]: Mixing util.world_border_listener.WorldBorderMixin from lithium.mixins.json into net.minecraft.world.level.border.WorldBorder
[289月2025 19:29:58.711] [main/INFO] [mixin/]: Mixing VillagerMixin from moonlight-common.mixins.json into net.minecraft.world.entity.npc.Villager
[289月2025 19:29:58.744] [main/INFO] [mixin/]: Mixing entity.collisions.unpushable_cramming.EntityPredicatesMixin from lithium.mixins.json into net.minecraft.world.entity.EntitySelector
[289月2025 19:29:58.760] [main/INFO] [mixin/]: Mixing inject.MixinFoodPropertiesBuilder from architectury-common.mixins.json into net.minecraft.world.food.FoodProperties$Builder
[289月2025 19:29:58.764] [main/INFO] [mixin/]: Mixing accessor.MobEffectInstanceAccessor from create.mixins.json into net.minecraft.world.effect.MobEffectInstance
[289月2025 19:29:58.790] [main/INFO] [mixin/]: Mixing MixinServerGamePacketListenerImpl from badpackets.mixins.json into net.minecraft.server.network.ServerGamePacketListenerImpl
[289月2025 19:29:58.790] [main/WARN] [mixin/]: badpackets.mixins.json:MixinServerGamePacketListenerImpl: Class version 61 required is higher than the class version supported by the current version of Mixin (JAVA_16 supports class version 60)
[289月2025 19:29:58.830] [main/INFO] [mixin/]: Mixing accessor.AbstractProjectileDispenseBehaviorAccessor from create.mixins.json into net.minecraft.core.dispenser.AbstractProjectileDispenseBehavior
[289月2025 19:29:58.874] [main/INFO] [mixin/]: Mixing StructureProcessorAccessor from goety.mixins.json into net.minecraft.world.level.levelgen.structure.templatesystem.StructureProcessor
[289月2025 19:29:58.878] [main/INFO] [mixin/]: Mixing StructureProcessorAccessor from cataclysm.mixins.json into net.minecraft.world.level.levelgen.structure.templatesystem.StructureProcessor
[289月2025 19:29:58.897] [main/INFO] [mixin/]: Mixing common.lightengine.LevelLightEngineMixin from starlight.mixins.json into net.minecraft.world.level.lighting.LevelLightEngine
[289月2025 19:29:58.898] [main/INFO] [mixin/]: Renaming synthetic method lambda$clientUpdateLight$1(J)[Lca/spottedleaf/starlight/common/light/SWMRNibbleArray; to md5a2e02$lambda$clientUpdateLight$1$0 in starlight.mixins.json:common.lightengine.LevelLightEngineMixin
[289月2025 19:29:58.898] [main/INFO] [mixin/]: Renaming synthetic method lambda$clientUpdateLight$0(J)[Lca/spottedleaf/starlight/common/light/SWMRNibbleArray; to md5a2e02$lambda$clientUpdateLight$0$1 in starlight.mixins.json:common.lightengine.LevelLightEngineMixin
[289月2025 19:29:58.901] [main/INFO] [mixin/]: Mixing light_updates.MixinLightingProvider from sodium-extra.mixins.json into net.minecraft.world.level.lighting.LevelLightEngine
[289月2025 19:29:58.916] [main/INFO] [mixin/]: Mixing common.lightengine.ThreadedLevelLightEngineMixin from starlight.mixins.json into net.minecraft.server.level.ThreadedLevelLightEngine
[289月2025 19:29:58.916] [main/INFO] [mixin/]: Renaming synthetic method lambda$lightChunk$7(Lnet/minecraft/world/level/ChunkPos;Lnet/minecraft/world/level/chunk/ChunkAccess;Ljava/lang/Throwable;)V to md5a2e02$lambda$lightChunk$7$0 in starlight.mixins.json:common.lightengine.ThreadedLevelLightEngineMixin
[289月2025 19:29:58.916] [main/INFO] [mixin/]: Renaming synthetic method lambda$lightChunk$6(Lnet/minecraft/world/level/ChunkPos;Ljava/lang/Runnable;)V to md5a2e02$lambda$lightChunk$6$1 in starlight.mixins.json:common.lightengine.ThreadedLevelLightEngineMixin
[289月2025 19:29:58.917] [main/INFO] [mixin/]: Renaming synthetic method lambda$lightChunk$5(Lnet/minecraft/world/level/chunk/ChunkAccess;ZLnet/minecraft/world/level/ChunkPos;)Lnet/minecraft/world/level/chunk/ChunkAccess; to md5a2e02$lambda$lightChunk$5$2 in starlight.mixins.json:common.lightengine.ThreadedLevelLightEngineMixin
[289月2025 19:29:58.917] [main/INFO] [mixin/]: Renaming synthetic method lambda$updateSectionStatus$4(Lnet/minecraft/core/SectionPos;Z)Ljava/util/concurrent/CompletableFuture; to md5a2e02$lambda$updateSectionStatus$4$3 in starlight.mixins.json:common.lightengine.ThreadedLevelLightEngineMixin
[289月2025 19:29:58.917] [main/INFO] [mixin/]: Renaming synthetic method lambda$checkBlock$3(Lnet/minecraft/core/BlockPos;)Ljava/util/concurrent/CompletableFuture; to md5a2e02$lambda$checkBlock$3$4 in starlight.mixins.json:common.lightengine.ThreadedLevelLightEngineMixin
[289月2025 19:29:58.917] [main/INFO] [mixin/]: Renaming synthetic method lambda$queueTaskForSection$2(IILjava/lang/Void;Ljava/lang/Throwable;)V to md5a2e02$lambda$queueTaskForSection$2$5 in starlight.mixins.json:common.lightengine.ThreadedLevelLightEngineMixin
[289月2025 19:29:58.917] [main/INFO] [mixin/]: Renaming synthetic method lambda$queueTaskForSection$1(JIILnet/minecraft/server/level/ServerLevel;Ljava/lang/Void;)V to md5a2e02$lambda$queueTaskForSection$1$6 in starlight.mixins.json:common.lightengine.ThreadedLevelLightEngineMixin
[289月2025 19:29:58.917] [main/INFO] [mixin/]: Renaming synthetic method lambda$queueTaskForSection$0(IIILjava/util/function/Supplier;)V to md5a2e02$lambda$queueTaskForSection$0$7 in starlight.mixins.json:common.lightengine.ThreadedLevelLightEngineMixin
[289月2025 19:29:58.926] [main/INFO] [mixin/]: Mixing world.combined_heightmap_update.HeightmapAccessor from lithium.mixins.json into net.minecraft.world.level.levelgen.Heightmap
[289月2025 19:29:58.959] [main/INFO] [mixin/]: Mixing GrindstoneMenuSlotMixin from moonlight-common.mixins.json into net.minecraft.world.inventory.GrindstoneMenu$4
[289月2025 19:29:58.974] [main/INFO] [mixin/]: Mixing MapExtendingRecipeMixin from moonlight-common.mixins.json into net.minecraft.world.item.crafting.MapExtendingRecipe
[289月2025 19:29:59.024] [main/INFO] [mixin/]: Mixing MixinBiomes from mixins.oculus.json into net.minecraft.world.level.biome.Biomes
[289月2025 19:29:59.054] [main/INFO] [mixin/]: Mixing EnchantRandomlyFunctionMixin from goety.mixins.json into net.minecraft.world.level.storage.loot.functions.EnchantRandomlyFunction
[289月2025 19:29:59.054] [main/INFO] [mixin/]: Renaming synthetic method lambda$filterEnchants$0(Lnet/minecraft/world/item/enchantment/Enchantment;)Z to md5a2e02$lambda$filterEnchants$0$0 in goety.mixins.json:EnchantRandomlyFunctionMixin
[289月2025 19:29:59.062] [main/WARN] [mixin/]: @At("STORE" implicit List) has invalid IMPLICIT discriminator for opcode 5 in net/minecraft/world/level/storage/loot/functions/EnchantRandomlyFunction::run(Lnet/minecraft/world/item/ItemStack;Lnet/minecraft/world/level/storage/loot/LootContext;)Lnet/minecraft/world/item/ItemStack;: Found 0 candidate variables but exactly 1 is required.
[289月2025 19:29:59.068] [main/INFO] [mixin/]: Mixing LootingEnchantFunctionMixin from create.mixins.json into net.minecraft.world.level.storage.loot.functions.LootingEnchantFunction
[289月2025 19:29:59.080] [main/INFO] [mixin/]: Mixing ApplyBonusCountMixin from goety.mixins.json into net.minecraft.world.level.storage.loot.functions.ApplyBonusCount
[289月2025 19:29:59.081] [main/INFO] [mixin/]: Mixing MixinApplyBonusCount from curios.mixins.json into net.minecraft.world.level.storage.loot.functions.ApplyBonusCount
[289月2025 19:29:59.128] [main/INFO] [mixin/]: Mixing collections.mob_spawning.PoolMixin from lithium.mixins.json into net.minecraft.util.random.WeightedRandomList
[289月2025 19:29:59.139] [main/INFO] [mixin/]: Mixing DimensionTypeAccessor from mixins.oculus.json into net.minecraft.world.level.dimension.DimensionType
[289月2025 19:29:59.191] [main/INFO] [mixin/]: Mixing NoMultifaceGrowthFeatureInStructuresMixin from cataclysm.mixins.json into net.minecraft.world.level.levelgen.feature.MultifaceGrowthFeature
[289月2025 19:29:59.201] [main/INFO] [mixin/]: Mixing NoMagmaBlockInStructuresMixin from cataclysm.mixins.json into net.minecraft.world.level.levelgen.feature.UnderwaterMagmaFeature
[289月2025 19:29:59.209] [main/INFO] [mixin/]: Mixing NoLakesInStructuresMixin from cataclysm.mixins.json into net.minecraft.world.level.levelgen.feature.LakeFeature
[289月2025 19:29:59.215] [main/INFO] [mixin/]: Mixing NoOreInStructuresMixin from cataclysm.mixins.json into net.minecraft.world.level.levelgen.feature.OreFeature
[289月2025 19:29:59.227] [main/INFO] [mixin/]: Mixing NoBasaltColumnsInStructuresMixin from cataclysm.mixins.json into net.minecraft.world.level.levelgen.feature.BasaltColumnsFeature
[289月2025 19:29:59.234] [main/INFO] [mixin/]: Mixing NoDeltasInStructuresMixin from cataclysm.mixins.json into net.minecraft.world.level.levelgen.feature.DeltaFeature
[289月2025 19:29:59.242] [main/INFO] [mixin/]: Mixing NoGeodeInStructuresMixin from cataclysm.mixins.json into net.minecraft.world.level.levelgen.feature.GeodeFeature
[289月2025 19:29:59.397] [main/INFO] [mixin/]: Mixing collections.mob_spawning.SpawnSettingsMixin from lithium.mixins.json into net.minecraft.world.level.biome.MobSpawnSettings
[289月2025 19:29:59.398] [main/WARN] [mixin/]: Write access to @Mutable @Final field spawners:Ljava/util/Map; in lithium.mixins.json:collections.mob_spawning.SpawnSettingsMixin::handler$zdp000$reinit
[289月2025 19:29:59.415] [main/INFO] [mixin/]: Mixing accessor.StructureTemplatePoolAccessor from cataclysm.mixins.json into net.minecraft.world.level.levelgen.structure.pools.StructureTemplatePool
[289月2025 19:29:59.483] [main/INFO] [mixin/]: Mixing features.world.biome.BiomeMixin from embeddium.mixins.json into net.minecraft.world.level.biome.Biome
[289月2025 19:29:59.484] [main/INFO] [mixin/]: Mixing MixinBiome from mixins.oculus.json into net.minecraft.world.level.biome.Biome
[289月2025 19:29:59.485] [main/INFO] [mixin/]: Mixing world.chunk_ticking.spread_ice.BiomeMixin from lithium.mixins.json into net.minecraft.world.level.biome.Biome
[289月2025 19:29:59.485] [main/INFO] [mixin/]: Mixing world.temperature_cache.BiomeMixin from lithium.mixins.json into net.minecraft.world.level.biome.Biome
[289月2025 19:29:59.485] [main/INFO] [mixin/]: Mixing sky_colors.MixinBiome from sodium-extra.mixins.json into net.minecraft.world.level.biome.Biome
[289月2025 19:29:59.558] [main/INFO] [mixin/]: Mixing NoiseBasedChunkGeneratorMixin from citadel.mixins.json into net.minecraft.world.level.levelgen.NoiseBasedChunkGenerator
[289月2025 19:29:59.558] [main/INFO] [mixin/]: Mixing compat.lithium.LithiumNoiseChunkGeneratorMixin from noisium-common.mixins.json into net.minecraft.world.level.levelgen.NoiseBasedChunkGenerator
[289月2025 19:29:59.609] [main/INFO] [mixin/]: Mixing GenerationShapeConfigMixin from noisium-common.mixins.json into net.minecraft.world.level.levelgen.NoiseSettings
[289月2025 19:29:59.690] [main/INFO] [mixin/]: Mixing accessor.SinglePoolElementAccessor from cataclysm.mixins.json into net.minecraft.world.level.levelgen.structure.pools.SinglePoolElement
[289月2025 19:29:59.702] [main/INFO] [mixin/]: Mixing accessor.ListPoolElementAccessor from cataclysm.mixins.json into net.minecraft.world.level.levelgen.structure.pools.ListPoolElement
[289月2025 19:29:59.708] [main/INFO] [mixin/]: Mixing accessor.FeaturePoolElementAccessor from cataclysm.mixins.json into net.minecraft.world.level.levelgen.structure.pools.FeaturePoolElement
[289月2025 19:29:59.732] [main/INFO] [mixin/]: Mixing MixinLanguage from mixins.modernui-textmc.json into net.minecraft.locale.Language
[289月2025 19:29:59.941] [modloading-worker-0/INFO] [mixin/]: Mixing features.render.world.ClientLevelMixin from embeddium.mixins.json into net.minecraft.client.multiplayer.ClientLevel
[289月2025 19:29:59.942] [modloading-worker-0/INFO] [mixin/]: Renaming synthetic method lambda$new$0(Lnet/minecraft/world/level/biome/AmbientParticleSettings;)V to md5a2e02$lambda$new$0$0 in embeddium.mixins.json:features.render.world.ClientLevelMixin
[289月2025 19:29:59.945] [modloading-worker-0/INFO] [mixin/]: Mixing chunk.entity_class_groups.ClientWorldMixin from lithium.mixins.json into net.minecraft.client.multiplayer.ClientLevel
[289月2025 19:29:59.946] [modloading-worker-0/INFO] [mixin/]: Mixing Entity.ClientLevelMixin from flerovium.mixins.json into net.minecraft.client.multiplayer.ClientLevel
[289月2025 19:29:59.947] [modloading-worker-0/INFO] [mixin/]: Mixing MixinClientWorld from xaeroworldmap.mixins.json into net.minecraft.client.multiplayer.ClientLevel
[289月2025 19:29:59.948] [modloading-worker-0/INFO] [mixin/]: Mixing client.ClientLevelMixin from citadel.mixins.json into net.minecraft.client.multiplayer.ClientLevel
[289月2025 19:29:59.949] [modloading-worker-0/INFO] [mixin/]: Mixing client.world.ClientLevelMixin from starlight.mixins.json into net.minecraft.client.multiplayer.ClientLevel
[289月2025 19:29:59.950] [modloading-worker-0/INFO] [mixin/]: Mixing minecraft.ClientWorldMixin from RuOK.common.mixins.json into net.minecraft.client.multiplayer.ClientLevel
[289月2025 19:29:59.953] [modloading-worker-0/INFO] [mixin/]: Mixing block_rendering.MixinClientLevel from mixins.oculus.vertexformat.json into net.minecraft.client.multiplayer.ClientLevel
[289月2025 19:29:59.953] [modloading-worker-0/WARN] [mixin/]: mixins.oculus.vertexformat.json:block_rendering.MixinClientLevel: Class version 61 required is higher than the class version supported by the current version of Mixin (JAVA_8 supports class version 52)
[289月2025 19:29:59.953] [modloading-worker-0/INFO] [mixin/]: Mixing MixinClientLevel from architectury.mixins.json into net.minecraft.client.multiplayer.ClientLevel
[289月2025 19:29:59.954] [modloading-worker-0/INFO] [mixin/]: Mixing core.world.biome.ClientWorldMixin from embeddium.mixins.json into net.minecraft.client.multiplayer.ClientLevel
[289月2025 19:29:59.955] [modloading-worker-0/INFO] [mixin/]: Mixing core.world.map.ClientWorldMixin from embeddium.mixins.json into net.minecraft.client.multiplayer.ClientLevel
[289月2025 19:29:59.958] [modloading-worker-0/INFO] [mixin/]: Mixing tick.MixinClientWorld from forge-badoptimizations.mixins.json into net.minecraft.client.multiplayer.ClientLevel
[289月2025 19:30:00.024] [modloading-worker-0/ERROR] [Embeddium-MixinTaintDetector/]: Mod mixin into Embeddium internals detected. This instance is now tainted. The Embeddium team does not provide any guarantee of support for issues encountered while such mods are installed.
[289月2025 19:30:00.024] [modloading-worker-0/WARN] [Embeddium-MixinTaintDetector/]: Mod(s) [oculus] are modifying Embeddium class me.jellysquid.mods.sodium.client.gui.SodiumGameOptions, which may cause instability.
[289月2025 19:30:00.024] [modloading-worker-0/INFO] [mixin/]: Mixing options.MixinSodiumGameOptions from mixins.oculus.compat.sodium.json into me.jellysquid.mods.sodium.client.gui.SodiumGameOptions
[289月2025 19:30:00.025] [modloading-worker-0/WARN] [mixin/]: mixins.oculus.compat.sodium.json:options.MixinSodiumGameOptions: Class version 61 required is higher than the class version supported by the current version of Mixin (JAVA_8 supports class version 52)
[289月2025 19:30:00.032] [modloading-worker-0/INFO] [mixin/]: Mixing Particle.ParticleMixin from flerovium.mixins.json into net.minecraft.client.particle.Particle
[289月2025 19:30:00.032] [modloading-worker-0/INFO] [mixin/]: Mixing ParticleMixin from particle_core.mixins.json into net.minecraft.client.particle.Particle
[289月2025 19:30:00.034] [modloading-worker-0/INFO] [mixin/]: Renaming synthetic method lambda$particle_core_getCachedBrightness$0(Lnet/minecraft/world/level/BlockAndTintGetter;Lnet/minecraft/core/BlockPos;Ljava/lang/Object;)I to md5a2e02$lambda$particle_core_getCachedBrightness$0$0 in particle_core.mixins.json:ParticleMixin
[289月2025 19:30:00.035] [modloading-worker-0/INFO] [mixin/]: Mixing ParticleAccessor from particle_core.mixins.json into net.minecraft.client.particle.Particle
[289月2025 19:30:00.061] [modloading-worker-0/INFO] [mixin/]: Mixing MixinPlayerList from xaeroworldmap.mixins.json into net.minecraft.server.players.PlayerList
[289月2025 19:30:00.061] [modloading-worker-0/INFO] [mixin/]: Mixing MixinPlayerList from badpackets.mixins.json into net.minecraft.server.players.PlayerList
[289月2025 19:30:00.083] [modloading-worker-0/INFO] [mixin/]: Mixing CanvasSignEditScreenMixin from farmersdelight.mixins.json into net.minecraft.client.player.LocalPlayer
[289月2025 19:30:00.085] [modloading-worker-0/INFO] [mixin/]: Mixing client.HeavyBootsOnPlayerMixin from create.mixins.json into net.minecraft.client.player.LocalPlayer
[289月2025 19:30:00.086] [modloading-worker-0/INFO] [mixin/]: Mixing accessors.PlayerAccessor from forge-badoptimizations.mixins.json into net.minecraft.client.player.LocalPlayer
[289月2025 19:30:00.109] [modloading-worker-0/INFO] [mixin/]: Mixing AbstractClientPlayerMixin from goety.mixins.json into net.minecraft.client.player.AbstractClientPlayer
[289月2025 19:30:00.110] [modloading-worker-0/INFO] [mixin/]: Mixing client.AbstractClientPlayerMixin from citadel.mixins.json into net.minecraft.client.player.AbstractClientPlayer
[289月2025 19:30:00.110] [modloading-worker-0/INFO] [mixin/]: Mixing AbstractClientPlayerAccessor from flywheel.backend.mixins.json into net.minecraft.client.player.AbstractClientPlayer
[289月2025 19:30:00.114] [modloading-worker-0/INFO] [mixin/]: Mixing renderer.entity.MixinClientPlayer from forge-badoptimizations.mixins.json into net.minecraft.client.player.AbstractClientPlayer
[289月2025 19:30:00.129] [modloading-worker-0/INFO] [mixin/]: Mixing MixinScreen from mixins.modernui-forge.json into net.minecraft.client.gui.screens.Screen
[289月2025 19:30:00.130] [modloading-worker-0/INFO] [mixin/]: Mixing ScreenMixin from dynamic_fps-common.mixins.json into net.minecraft.client.gui.screens.Screen
[289月2025 19:30:00.148] [modloading-worker-0/INFO] [mixin/]: Mixing MixinLevelEvent from architectury.mixins.json into net.minecraftforge.event.level.LevelEvent
[289月2025 19:30:00.155] [modloading-worker-0/INFO] [mixin/]: Mixing features.textures.animations.tracking.SpriteBillboardParticleMixin from embeddium.mixins.json into net.minecraft.client.particle.TextureSheetParticle
[289月2025 19:30:00.163] [modloading-worker-0/INFO] [mixin/]: Mixing MixinMinecraft from mixins.modernui-forge.json into net.minecraft.client.Minecraft
[289月2025 19:30:00.170] [modloading-worker-0/INFO] [mixin/]: Mixing impl.fps.GpuUsageMixin from mixins.sodiumextras.json into net.minecraft.client.Minecraft
[289月2025 19:30:00.170] [modloading-worker-0/INFO] [mixin/]: Mixing MixinMinecraftClient from xaeroworldmap.mixins.json into net.minecraft.client.Minecraft
[289月2025 19:30:00.171] [modloading-worker-0/INFO] [mixin/]: Mixing MixinForgeMinecraftClient from xaeroworldmap.forge.mixins.json into net.minecraft.client.Minecraft
[289月2025 19:30:00.171] [modloading-worker-0/INFO] [mixin/]: Mixing MinecraftMixin from goety.mixins.json into net.minecraft.client.Minecraft
[289月2025 19:30:00.177] [modloading-worker-0/INFO] [mixin/]: Mixing MinecraftMixin from moonlight-common.mixins.json into net.minecraft.client.Minecraft
[289月2025 19:30:00.178] [modloading-worker-0/INFO] [mixin/]: Mixing MinecraftMixin from flywheel.impl.mixins.json into net.minecraft.client.Minecraft
[289月2025 19:30:00.180] [modloading-worker-0/INFO] [mixin/]: Mixing client.WindowResizeMixin from ponder-common.mixins.json into net.minecraft.client.Minecraft
[289月2025 19:30:00.181] [modloading-worker-0/INFO] [mixin/]: Mixing MinecraftAccessor from ias.mixins.json into net.minecraft.client.Minecraft
[289月2025 19:30:00.207] [modloading-worker-0/INFO] [mixin/]: Mixing MinecraftMixin from ias.mixins.json into net.minecraft.client.Minecraft
[289月2025 19:30:00.208] [modloading-worker-0/INFO] [mixin/]: Mixing MixinMinecraft_PipelineManagement from mixins.oculus.json into net.minecraft.client.Minecraft
[289月2025 19:30:00.209] [modloading-worker-0/INFO] [mixin/]: Mixing MixinMinecraft from architectury.mixins.json into net.minecraft.client.Minecraft
[289月2025 19:30:00.210] [modloading-worker-0/INFO] [mixin/]: Mixing gui.MinecraftClientAccessor from sodium-extra.mixins.json into net.minecraft.client.Minecraft
[289月2025 19:30:00.210] [modloading-worker-0/INFO] [mixin/]: Renaming @Accessor method getCurrentFPS()I to getCurrentFPS_$md$5a2e02$0 in sodium-extra.mixins.json:gui.MinecraftClientAccessor
[289月2025 19:30:00.212] [modloading-worker-0/INFO] [mixin/]: Mixing MinecraftMixin from dynamic_fps-common.mixins.json into net.minecraft.client.Minecraft
[289月2025 19:30:00.214] [modloading-worker-0/INFO] [mixin/]: Mixing core.render.MinecraftAccessor from embeddium.mixins.json into net.minecraft.client.Minecraft
[289月2025 19:30:00.217] [modloading-worker-0/INFO] [mixin/]: Mixing core.MinecraftClientMixin from embeddium.mixins.json into net.minecraft.client.Minecraft
[289月2025 19:30:00.217] [modloading-worker-0/INFO] [mixin/]: Renaming synthetic method lambda$postInit$0(Lnet/minecraft/client/gui/screens/Screen;)Lnet/minecraft/client/gui/screens/Screen; to md5a2e02$lambda$postInit$0$1 in embeddium.mixins.json:core.MinecraftClientMixin
[289月2025 19:30:00.231] [modloading-worker-0/INFO] [mixin/]: Mixing minecraft.MinecraftClientMixin from RuOK.common.mixins.json into net.minecraft.client.Minecraft
[289月2025 19:30:00.380] [modloading-worker-0/INFO] [mixin/]: Mixing allocations.server_directory.MinecraftServerMixin from saturn.mixins.json into net.minecraft.server.MinecraftServer
[289月2025 19:30:00.381] [modloading-worker-0/INFO] [mixin/]: Mixing MixinMinecraftServer from xaeroworldmap.mixins.json into net.minecraft.server.MinecraftServer
[289月2025 19:30:00.382] [modloading-worker-0/INFO] [mixin/]: Mixing MinecraftServerMixin from citadel.mixins.json into net.minecraft.server.MinecraftServer
[289月2025 19:30:00.399] [modloading-worker-0/INFO] [mixin/]: Mixing Particle.SingleQuadParticleMixin from flerovium.mixins.json into net.minecraft.client.particle.SingleQuadParticle
[289月2025 19:30:00.411] [modloading-worker-0/INFO] [mixin/]: Mixing BillboardParticleMixin from particle_core.mixins.json into net.minecraft.client.particle.SingleQuadParticle
[289月2025 19:30:00.412] [modloading-worker-0/INFO] [mixin/]: Mixing features.render.particle.BillboardParticleMixin from embeddium.mixins.json into net.minecraft.client.particle.SingleQuadParticle
[289月2025 19:30:00.447] [modloading-worker-0/INFO] [net.minecraftforge.common.ForgeMod/FORGEMOD]: Forge mod loading, version 47.3.22, for MC 1.20.1 with MCP 20230612.114412
[289月2025 19:30:00.448] [modloading-worker-0/INFO] [net.minecraftforge.common.MinecraftForge/FORGE]: MinecraftForge v47.3.22 Initialized
[289月2025 19:30:00.469] [modloading-worker-0/INFO] [mixin/]: Mixing AccessOptions from mixins.modernui-forge.json into net.minecraft.client.Options
[289月2025 19:30:00.474] [modloading-worker-0/INFO] [mixin/]: Mixing MixinOptions_Entrypoint from mixins.oculus.json into net.minecraft.client.Options
[289月2025 19:30:00.474] [modloading-worker-0/INFO] [mixin/]: Mixing OptionsMixin from flywheel.backend.mixins.json into net.minecraft.client.Options
[289月2025 19:30:00.475] [modloading-worker-0/INFO] [mixin/]: Mixing MixinMaxFpsCrashFix from mixins.oculus.fixes.maxfpscrash.json into net.minecraft.client.Options
[289月2025 19:30:00.475] [modloading-worker-0/WARN] [mixin/]: mixins.oculus.fixes.maxfpscrash.json:MixinMaxFpsCrashFix: Class version 61 required is higher than the class version supported by the current version of Mixin (JAVA_8 supports class version 52)
[289月2025 19:30:00.475] [modloading-worker-0/INFO] [mixin/]: Mixing OptionsMixin from dynamic_fps-common.mixins.json into net.minecraft.client.Options
[289月2025 19:30:00.476] [modloading-worker-0/INFO] [mixin/]: Mixing sky.MixinOptions_CloudsOverride from mixins.oculus.json into net.minecraft.client.Options
[289月2025 19:30:00.476] [modloading-worker-0/INFO] [mixin/]: Renaming synthetic method lambda$iris$overrideCloudsType$0(Lorg/spongepowered/asm/mixin/injection/callback/CallbackInfoReturnable;Lnet/irisshaders/iris/pipeline/WorldRenderingPipeline;)V to md5a2e02$lambda$iris$overrideCloudsType$0$0 in mixins.oculus.json:sky.MixinOptions_CloudsOverride
[289月2025 19:30:00.507] [modloading-worker-0/INFO] [mixin/]: Mixing bugfix.BlockableEventLoopMixin from dynamic_fps-common.mixins.json into net.minecraft.util.thread.BlockableEventLoop
[289月2025 19:30:00.517] [modloading-worker-0/INFO] [mixin/]: Mixing GuiGraphicsMixin from goety.mixins.json into net.minecraft.client.gui.GuiGraphics
[289月2025 19:30:00.519] [modloading-worker-0/INFO] [mixin/]: Mixing features.textures.animations.tracking.DrawContextMixin from embeddium.mixins.json into net.minecraft.client.gui.GuiGraphics
[289月2025 19:30:00.535] [modloading-worker-0/INFO] [mixin/]: Mixing MixinRenderTarget from mixins.oculus.json into com.mojang.blaze3d.pipeline.RenderTarget
[289月2025 19:30:00.536] [modloading-worker-0/INFO] [mixin/]: Mixing state_tracking.MixinRenderTarget from mixins.oculus.json into com.mojang.blaze3d.pipeline.RenderTarget
[289月2025 19:30:00.536] [modloading-worker-0/INFO] [mixin/]: Renaming synthetic method lambda$iris$onBindFramebuffer$0(ZLnet/irisshaders/iris/pipeline/WorldRenderingPipeline;)V to md5a2e02$lambda$iris$onBindFramebuffer$0$0 in mixins.oculus.json:state_tracking.MixinRenderTarget
[289月2025 19:30:00.546] [modloading-worker-0/INFO] [mixin/]: Mixing Particle.ParticleEngineMixin from flerovium.mixins.json into net.minecraft.client.particle.ParticleEngine
[289月2025 19:30:00.548] [modloading-worker-0/INFO] [mixin/]: Mixing minecraft.ParticleManagerMixin from RuOK.common.mixins.json into net.minecraft.client.particle.ParticleEngine
[289月2025 19:30:00.551] [modloading-worker-0/INFO] [mixin/]: Mixing client.accessor.ParticleEngineAccessor from ponder.mixins.json into net.minecraft.client.particle.ParticleEngine
[289月2025 19:30:00.555] [modloading-worker-0/INFO] [mixin/]: Mixing MixinParticleEngine from mixins.oculus.json into net.minecraft.client.particle.ParticleEngine
[289月2025 19:30:00.555] [modloading-worker-0/INFO] [mixin/]: Renaming synthetic method lambda$iris$finishDrawingParticles$1(Lnet/irisshaders/iris/pipeline/WorldRenderingPipeline;)V to md5a2e02$lambda$iris$finishDrawingParticles$1$0 in mixins.oculus.json:MixinParticleEngine
[289月2025 19:30:00.555] [modloading-worker-0/INFO] [mixin/]: Renaming synthetic method lambda$iris$beginDrawingParticles$0(Lnet/irisshaders/iris/pipeline/WorldRenderingPipeline;)V to md5a2e02$lambda$iris$beginDrawingParticles$0$1 in mixins.oculus.json:MixinParticleEngine
[289月2025 19:30:00.556] [modloading-worker-0/INFO] [mixin/]: Mixing MixinParticleEngine from mixins.oculus.fantastic.json into net.minecraft.client.particle.ParticleEngine
[289月2025 19:30:00.556] [modloading-worker-0/WARN] [mixin/]: mixins.oculus.fantastic.json:MixinParticleEngine: Class version 61 required is higher than the class version supported by the current version of Mixin (JAVA_8 supports class version 52)
[289月2025 19:30:00.556] [modloading-worker-0/INFO] [mixin/]: Renaming synthetic method lambda$iris$selectParticlesToRender$1(Lnet/minecraft/client/particle/ParticleRenderType;)Z to md5a2e02$lambda$iris$selectParticlesToRender$1$2 in mixins.oculus.fantastic.json:MixinParticleEngine
[289月2025 19:30:00.556] [modloading-worker-0/INFO] [mixin/]: Renaming synthetic method lambda$iris$selectParticlesToRender$0(Lnet/minecraft/client/particle/ParticleRenderType;)Z to md5a2e02$lambda$iris$selectParticlesToRender$0$3 in mixins.oculus.fantastic.json:MixinParticleEngine
[289月2025 19:30:00.558] [modloading-worker-0/INFO] [mixin/]: Mixing particle.MixinParticleManager from sodium-extra.mixins.json into net.minecraft.client.particle.ParticleEngine
[289月2025 19:30:00.559] [modloading-worker-0/INFO] [mixin/]: Mixing ParticleManagerCachedLightMixin from particle_core.mixins.json into net.minecraft.client.particle.ParticleEngine
[289月2025 19:30:00.560] [modloading-worker-0/INFO] [mixin/]: Mixing ParticleManagerRotationMixin from particle_core.mixins.json into net.minecraft.client.particle.ParticleEngine
[289月2025 19:30:00.561] [modloading-worker-0/INFO] [mixin/]: Mixing MixinParticleManager from forge-badoptimizations.mixins.json into net.minecraft.client.particle.ParticleEngine
[289月2025 19:30:00.638] [modloading-worker-0/INFO] [mixin/]: Mixing client.accessor.RenderTypeAccessor from ponder-common.mixins.json into net.minecraft.client.renderer.RenderType
[289月2025 19:30:00.638] [modloading-worker-0/INFO] [mixin/]: Renaming @Invoker method catnip$create(Ljava/lang/String;Lcom/mojang/blaze3d/vertex/VertexFormat;Lcom/mojang/blaze3d/vertex/VertexFormat$Mode;IZZLnet/minecraft/client/renderer/RenderType$CompositeState;)Lnet/minecraft/client/renderer/RenderType$CompositeRenderType; to catnip$create_$md$5a2e02$0 in ponder-common.mixins.json:client.accessor.RenderTypeAccessor
[289月2025 19:30:00.643] [modloading-worker-0/INFO] [mixin/]: Mixing rendertype.RenderTypeAccessor from mixins.oculus.json into net.minecraft.client.renderer.RenderType
[289月2025 19:30:00.646] [modloading-worker-0/INFO] [mixin/]: Mixing MixinRenderType from oculus-batched-entity-rendering.mixins.json into net.minecraft.client.renderer.RenderType
[289月2025 19:30:00.646] [modloading-worker-0/WARN] [mixin/]: oculus-batched-entity-rendering.mixins.json:MixinRenderType: Class version 61 required is higher than the class version supported by the current version of Mixin (JAVA_8 supports class version 52)
[289月2025 19:30:00.646] [modloading-worker-0/INFO] [mixin/]: Mixing RenderTypeAccessor from oculus-batched-entity-rendering.mixins.json into net.minecraft.client.renderer.RenderType
[289月2025 19:30:00.651] [modloading-worker-0/INFO] [mixin/]: Mixing KeyMappingAccess from wthit.mixins.json into net.minecraft.client.KeyMapping
[289月2025 19:30:00.661] [modloading-worker-0/INFO] [mixin/]: Mixing MixinWindow from mixins.modernui-forge.json into com.mojang.blaze3d.platform.Window
[289月2025 19:30:00.668] [modloading-worker-0/INFO] [mixin/]: Mixing impl.borderless.BorderlessWindowMixin from mixins.sodiumextras.json into com.mojang.blaze3d.platform.Window
[289月2025 19:30:00.668] [modloading-worker-0/INFO] [mixin/]: Mixing impl.borderless.accessors.MainWindowAccessor from mixins.sodiumextras.json into com.mojang.blaze3d.platform.Window
[289月2025 19:30:00.671] [modloading-worker-0/INFO] [mixin/]: Mixing adaptive_sync.MixinWindow from sodium-extra.mixins.json into com.mojang.blaze3d.platform.Window
[289月2025 19:30:00.671] [modloading-worker-0/INFO] [mixin/]: Mixing reduce_resolution_on_mac.MixinWindow from sodium-extra.mixins.json into com.mojang.blaze3d.platform.Window
[289月2025 19:30:00.671] [modloading-worker-0/INFO] [mixin/]: Mixing WindowMixin from dynamic_fps-common.mixins.json into com.mojang.blaze3d.platform.Window
[289月2025 19:30:00.672] [modloading-worker-0/INFO] [mixin/]: Mixing workarounds.context_creation.WindowMixin from embeddium.mixins.json into com.mojang.blaze3d.platform.Window
[289月2025 19:30:00.680] [modloading-worker-0/INFO] [mixin/]: Mixing MixinWindow from mixins.oculus.json into com.mojang.blaze3d.platform.Window
[289月2025 19:30:00.783] [modloading-worker-0/INFO] [mixin/]: Mixing GuiAccess from wthit.mixins.json into net.minecraft.client.gui.Gui
[289月2025 19:30:00.784] [modloading-worker-0/INFO] [mixin/]: Renaming @Accessor method wthit_guiIconsLocation()Lnet/minecraft/resources/ResourceLocation; to wthit_guiIconsLocation_$md$5a2e02$0 in wthit.mixins.json:GuiAccess
[289月2025 19:30:00.787] [modloading-worker-0/INFO] [mixin/]: Mixing gui.MixinGui from mixins.oculus.json into net.minecraft.client.gui.Gui
[289月2025 19:30:00.787] [modloading-worker-0/INFO] [mixin/]: Mixing GuiMixin from dynamic_fps.mixins.json into net.minecraft.client.gui.Gui
[289月2025 19:30:00.789] [modloading-worker-0/INFO] [mixin/]: Mixing GuiMixin from dynamic_fps-common.mixins.json into net.minecraft.client.gui.Gui
[289月2025 19:30:00.789] [modloading-worker-0/INFO] [mixin/]: Mixing accessor.GuiAccessor from create.mixins.json into net.minecraft.client.gui.Gui
[289月2025 19:30:00.792] [modloading-worker-0/INFO] [mixin/]: Mixing features.options.overlays.InGameHudMixin from embeddium.mixins.json into net.minecraft.client.gui.Gui
[289月2025 19:30:00.792] [modloading-worker-0/INFO] [mixin/]: Mixing MixinIngameGui from mixins.modernui-textmc.json into net.minecraft.client.gui.Gui
[289月2025 19:30:00.801] [modloading-worker-0/INFO] [thedarkcolour.kotlinforforge.test.KotlinForForge/]: Kotlin For Forge Enabled!
[289月2025 19:30:00.846] [modloading-worker-0/INFO] [mixin/]: Mixing rendertype.RenderStateShardAccessor from mixins.oculus.json into net.minecraft.client.renderer.RenderStateShard
[289月2025 19:30:00.847] [modloading-worker-0/INFO] [mixin/]: Renaming @Accessor method getTranslucentTransparency()Lnet/minecraft/client/renderer/RenderStateShard$TransparencyStateShard; to getTranslucentTransparency_$md$5a2e02$0 in mixins.oculus.json:rendertype.RenderStateShardAccessor
[289月2025 19:30:00.853] [modloading-worker-0/INFO] [mixin/]: Mixing RenderStateShardAccessor from oculus-batched-entity-rendering.mixins.json into net.minecraft.client.renderer.RenderStateShard
[289月2025 19:30:00.853] [modloading-worker-0/INFO] [mixin/]: Renaming @Accessor method getNO_TRANSPARENCY()Lnet/minecraft/client/renderer/RenderStateShard$TransparencyStateShard; to getNO_TRANSPARENCY_$md$5a2e02$1 in oculus-batched-entity-rendering.mixins.json:RenderStateShardAccessor
[289月2025 19:30:00.856] [modloading-worker-0/INFO] [mixin/]: Renaming @Accessor method getGLINT_TRANSPARENCY()Lnet/minecraft/client/renderer/RenderStateShard$TransparencyStateShard; to getGLINT_TRANSPARENCY_$md$5a2e02$2 in oculus-batched-entity-rendering.mixins.json:RenderStateShardAccessor
[289月2025 19:30:00.860] [modloading-worker-0/INFO] [mixin/]: Renaming @Accessor method getCRUMBLING_TRANSPARENCY()Lnet/minecraft/client/renderer/RenderStateShard$TransparencyStateShard; to getCRUMBLING_TRANSPARENCY_$md$5a2e02$3 in oculus-batched-entity-rendering.mixins.json:RenderStateShardAccessor
[289月2025 19:30:00.880] [modloading-worker-0/INFO] [mixin/]: Mixing accessor.CriteriaTriggersAccessor from cataclysm.mixins.json into net.minecraft.advancements.CriteriaTriggers
[289月2025 19:30:00.881] [modloading-worker-0/INFO] [mixin/]: Renaming @Accessor method getValues()Ljava/util/Map; to getValues_$md$5a2e02$0 in cataclysm.mixins.json:accessor.CriteriaTriggersAccessor
[289月2025 19:30:00.885] [modloading-worker-0/INFO] [mixin/]: Mixing MixinCompositeRenderType from oculus-batched-entity-rendering.mixins.json into net.minecraft.client.renderer.RenderType$CompositeRenderType
[289月2025 19:30:00.905] [modloading-worker-0/INFO] [mixin/]: Mixing gui.MixinForgeGui from mixins.oculus.json into net.minecraftforge.client.gui.overlay.ForgeGui
[289月2025 19:30:00.905] [modloading-worker-0/INFO] [mixin/]: Mixing features.render.gui.debug.ForgeGuiMixin from embeddium.mixins.json into net.minecraftforge.client.gui.overlay.ForgeGui
[289月2025 19:30:00.907] [modloading-worker-0/INFO] [mixin/]: Renaming synthetic method lambda$renderLinesVanilla$0(Lme/jellysquid/mods/sodium/mixin/features/render/gui/debug/DebugScreenOverlayAccessor;Lnet/minecraft/client/gui/GuiGraphics;Ljava/util/ArrayList;Ljava/util/ArrayList;)V to md5a2e02$lambda$renderLinesVanilla$0$0 in embeddium.mixins.json:features.render.gui.debug.ForgeGuiMixin
[289月2025 19:30:00.927] [modloading-worker-0/INFO] [mixin/]: Mixing core.render.MatrixStackMixin from embeddium.mixins.json into com.mojang.blaze3d.vertex.PoseStack
[289月2025 19:30:00.932] [modloading-worker-0/INFO] [mixin/]: Mixing PoseStackAccessor from flywheel.impl.mixins.json into com.mojang.blaze3d.vertex.PoseStack
[289月2025 19:30:00.934] [modloading-worker-0/INFO] [mixin/]: Mixing PoseStackMixin from flywheel.impl.mixins.json into com.mojang.blaze3d.vertex.PoseStack
[289月2025 19:30:00.935] [modloading-worker-0/INFO] [mixin/]: Mixing fix.FixNormalScalingMixin from flywheel.impl.mixins.json into com.mojang.blaze3d.vertex.PoseStack
[289月2025 19:30:00.946] [modloading-worker-0/INFO] [mixin/]: Mixing MultiPlayerGameModeAccess from wthit.mixins.json into net.minecraft.client.multiplayer.MultiPlayerGameMode
[289月2025 19:30:00.955] [modloading-worker-0/INFO] [mixin/]: Mixing copyEntity.cull.EntityRendererMixin from mixins.oculus.compat.sodium.json into net.minecraft.client.renderer.entity.EntityRenderer
[289月2025 19:30:00.965] [modloading-worker-0/INFO] [mixin/]: Mixing ReloadableServerResourcesMixin from wthit.mixins.json into net.minecraft.server.ReloadableServerResources
[289月2025 19:30:00.973] [modloading-worker-0/INFO] [mixin/]: Mixing MixinConnection from badpackets.mixins.json into net.minecraft.network.Connection
[289月2025 19:30:00.991] [modloading-worker-0/INFO] [mixin/]: Mixing immediate.MixinBufferSource from mixins.oculus.vertexformat.json into net.minecraft.client.renderer.MultiBufferSource$BufferSource
[289月2025 19:30:00.992] [modloading-worker-0/INFO] [mixin/]: Mixing BufferSourceAccessor from oculus-batched-entity-rendering.mixins.json into net.minecraft.client.renderer.MultiBufferSource$BufferSource
[289月2025 19:30:00.996] [modloading-worker-0/INFO] [mixin/]: Mixing MixinBufferSource from oculus-batched-entity-rendering.mixins.json into net.minecraft.client.renderer.MultiBufferSource$BufferSource
[289月2025 19:30:00.997] [modloading-worker-0/INFO] [mixin/]: Mixing features.render.immediate.buffer_builder.fast_delegate.BufferSourceMixin from embeddium.mixins.json into net.minecraft.client.renderer.MultiBufferSource$BufferSource
[289月2025 19:30:00.998] [modloading-worker-0/WARN] [mixin/]: Write access to @Mutable @Final field startedBuffers:Ljava/util/Set; in embeddium.mixins.json:features.render.immediate.buffer_builder.fast_delegate.BufferSourceMixin::<init>
[289月2025 19:30:01.024] [modloading-worker-0/WARN] [mixin/]: @At("LOAD" implicit VertexConsumer) has invalid IMPLICIT discriminator for opcode 2 in net/minecraft/client/renderer/MultiBufferSource$BufferSource::lambda$endBatch$0(Lnet/minecraft/client/renderer/RenderType;)V: Found 0 candidate variables but exactly 1 is required.
[289月2025 19:30:01.024] [modloading-worker-0/WARN] [mixin/]: @At("LOAD" implicit VertexConsumer) has invalid IMPLICIT discriminator for opcode 3 in net/minecraft/client/renderer/MultiBufferSource$BufferSource::lambda$endBatch$0(Lnet/minecraft/client/renderer/RenderType;)V: Found 0 candidate variables but exactly 1 is required.
[289月2025 19:30:01.030] [modloading-worker-0/INFO] [mixin/]: Mixing MixinTitleScreen from mixins.oculus.json into net.minecraft.client.gui.screens.TitleScreen
[289月2025 19:30:01.041] [modloading-worker-0/INFO] [mixin/]: Mixing LivingEntityRendererMixin from goety.mixins.json into net.minecraft.client.renderer.entity.LivingEntityRenderer
[289月2025 19:30:01.041] [modloading-worker-0/INFO] [mixin/]: Mixing client.LivingEntityRendererMixin from citadel.mixins.json into net.minecraft.client.renderer.entity.LivingEntityRenderer
[289月2025 19:30:01.042] [modloading-worker-0/INFO] [mixin/]: Mixing render.entity.MixinLivingEntityRenderer from sodium-extra.mixins.json into net.minecraft.client.renderer.entity.LivingEntityRenderer
[289月2025 19:30:01.078] [modloading-worker-0/INFO] [mixin/]: Mixing MixinLevelRenderer from mixins.modernui-textmc.json into net.minecraft.client.renderer.LevelRenderer
[289月2025 19:30:01.078] [modloading-worker-0/WARN] [mixin/]: @Shadow field mixins.modernui-textmc.json:MixinLevelRenderer::renderBuffers is decorated with @Final but target is not final
[289月2025 19:30:01.081] [modloading-worker-0/INFO] [mixin/]: Mixing MixinWorldRenderer from forge-badoptimizations.mixins.json into net.minecraft.client.renderer.LevelRenderer
[289月2025 19:30:01.081] [modloading-worker-0/INFO] [mixin/]: Mixing features.render.world.clouds.WorldRendererMixin from embeddium.mixins.json into net.minecraft.client.renderer.LevelRenderer
[289月2025 19:30:01.082] [modloading-worker-0/INFO] [mixin/]: Mixing immediate.MixinLevelRenderer from mixins.oculus.vertexformat.json into net.minecraft.client.renderer.LevelRenderer
[289月2025 19:30:01.082] [modloading-worker-0/INFO] [mixin/]: Mixing MixinLevelRenderer from oculus-batched-entity-rendering.mixins.json into net.minecraft.client.renderer.LevelRenderer
[289月2025 19:30:01.084] [modloading-worker-0/INFO] [mixin/]: Mixing MixinLevelRenderer_EntityListSorting from oculus-batched-entity-rendering.mixins.json into net.minecraft.client.renderer.LevelRenderer
[289月2025 19:30:01.084] [modloading-worker-0/INFO] [mixin/]: Renaming synthetic method lambda$batchedentityrendering$sortEntityList$1(Ljava/util/Map;Lnet/minecraft/world/entity/Entity;)V to md5a2e02$lambda$batchedentityrendering$sortEntityList$1$0 in oculus-batched-entity-rendering.mixins.json:MixinLevelRenderer_EntityListSorting
[289月2025 19:30:01.084] [modloading-worker-0/INFO] [mixin/]: Renaming synthetic method lambda$batchedentityrendering$sortEntityList$0(Lnet/minecraft/world/entity/EntityType;)Ljava/util/List; to md5a2e02$lambda$batchedentityrendering$sortEntityList$0$1 in oculus-batched-entity-rendering.mixins.json:MixinLevelRenderer_EntityListSorting
[289月2025 19:30:01.084] [modloading-worker-0/INFO] [mixin/]: Mixing LevelRendererMixin from goety.mixins.json into net.minecraft.client.renderer.LevelRenderer
[289月2025 19:30:01.084] [modloading-worker-0/WARN] [mixin/]: @Shadow field goety.mixins.json:LevelRendererMixin::renderBuffers is decorated with @Final but target is not final
[289月2025 19:30:01.084] [modloading-worker-0/INFO] [mixin/]: Mixing client.LevelRendererMixin from citadel.mixins.json into net.minecraft.client.renderer.LevelRenderer
[289月2025 19:30:01.087] [modloading-worker-0/INFO] [mixin/]: Mixing LevelRendererAccessor from flywheel.backend.mixins.json into net.minecraft.client.renderer.LevelRenderer
[289月2025 19:30:01.089] [modloading-worker-0/INFO] [mixin/]: Mixing fix.FixFabulousDepthMixin from flywheel.impl.mixins.json into net.minecraft.client.renderer.LevelRenderer
[289月2025 19:30:01.089] [modloading-worker-0/INFO] [mixin/]: Mixing visualmanage.LevelRendererMixin from flywheel.impl.mixins.json into net.minecraft.client.renderer.LevelRenderer
[289月2025 19:30:01.090] [modloading-worker-0/INFO] [mixin/]: Mixing LevelRendererAccessor from mixins.oculus.json into net.minecraft.client.renderer.LevelRenderer
[289月2025 19:30:01.119] [modloading-worker-0/INFO] [mixin/]: Mixing MixinLevelRenderer from mixins.oculus.json into net.minecraft.client.renderer.LevelRenderer
[289月2025 19:30:01.125] [modloading-worker-0/INFO] [mixin/]: Mixing fabulous.MixinDisableFabulousGraphics from mixins.oculus.json into net.minecraft.client.renderer.LevelRenderer
[289月2025 19:30:01.125] [modloading-worker-0/INFO] [mixin/]: Mixing shadows.MixinLevelRenderer from mixins.oculus.json into net.minecraft.client.renderer.LevelRenderer
[289月2025 19:30:01.125] [modloading-worker-0/INFO] [mixin/]: Mixing sky.MixinLevelRenderer_SunMoonToggle from mixins.oculus.json into net.minecraft.client.renderer.LevelRenderer
[289月2025 19:30:01.126] [modloading-worker-0/INFO] [mixin/]: Mixing MixinLevelRenderer from mixins.oculus.fantastic.json into net.minecraft.client.renderer.LevelRenderer
[289月2025 19:30:01.128] [modloading-worker-0/INFO] [mixin/]: Mixing sky.MixinLevelRenderer from mixins.oculus.compat.sodium.json into net.minecraft.client.renderer.LevelRenderer
[289月2025 19:30:01.129] [modloading-worker-0/INFO] [mixin/]: Mixing optimizations.beacon_beam_rendering.WorldRendererAccessor from sodium-extra.mixins.json into net.minecraft.client.renderer.LevelRenderer
[289月2025 19:30:01.133] [modloading-worker-0/INFO] [mixin/]: Mixing particle.MixinWorldRenderer from sodium-extra.mixins.json into net.minecraft.client.renderer.LevelRenderer
[289月2025 19:30:01.133] [modloading-worker-0/INFO] [mixin/]: Mixing sky.MixinWorldRenderer from sodium-extra.mixins.json into net.minecraft.client.renderer.LevelRenderer
[289月2025 19:30:01.133] [modloading-worker-0/INFO] [mixin/]: Mixing stars.MixinWorldRenderer from sodium-extra.mixins.json into net.minecraft.client.renderer.LevelRenderer
[289月2025 19:30:01.133] [modloading-worker-0/INFO] [mixin/]: Mixing sun_moon.MixinWorldRenderer from sodium-extra.mixins.json into net.minecraft.client.renderer.LevelRenderer
[289月2025 19:30:01.133] [modloading-worker-0/INFO] [mixin/]: Mixing WorldRendererDecreaseMixin from particle_core.mixins.json into net.minecraft.client.renderer.LevelRenderer
[289月2025 19:30:01.133] [modloading-worker-0/INFO] [mixin/]: Mixing WorldRendererTypeMixin from particle_core.mixins.json into net.minecraft.client.renderer.LevelRenderer
[289月2025 19:30:01.134] [modloading-worker-0/INFO] [mixin/]: Renaming synthetic method lambda$particle_core_excludeAndChanceParticles$0(Lnet/minecraft/core/Holder$Reference;)Ljava/lang/Boolean; to md5a2e02$lambda$particle_core_excludeAndChanceParticles$0$2 in particle_core.mixins.json:WorldRendererTypeMixin
[289月2025 19:30:01.135] [modloading-worker-0/INFO] [mixin/]: Mixing accessor.LevelRendererAccessor from create.mixins.json into net.minecraft.client.renderer.LevelRenderer
[289月2025 19:30:01.142] [modloading-worker-0/INFO] [mixin/]: Mixing client.LevelRendererMixin from create.mixins.json into net.minecraft.client.renderer.LevelRenderer
[289月2025 19:30:01.143] [modloading-worker-0/INFO] [mixin/]: Renaming synthetic method lambda$create$onDestroyBlockProgress$0(J)Ljava/util/SortedSet; to md5a2e02$lambda$create$onDestroyBlockProgress$0$3 in create.mixins.json:client.LevelRendererMixin
[289月2025 19:30:01.145] [modloading-worker-0/INFO] [mixin/]: Mixing features.options.weather.WorldRendererMixin from embeddium.mixins.json into net.minecraft.client.renderer.LevelRenderer
[289月2025 19:30:01.145] [modloading-worker-0/INFO] [mixin/]: Mixing features.render.gui.outlines.WorldRendererMixin from embeddium.mixins.json into net.minecraft.client.renderer.LevelRenderer
[289月2025 19:30:01.151] [modloading-worker-0/INFO] [mixin/]: Mixing core.render.world.WorldRendererMixin from embeddium.mixins.json into net.minecraft.client.renderer.LevelRenderer
[289月2025 19:30:01.152] [modloading-worker-0/WARN] [mixin/]: @Shadow field embeddium.mixins.json:core.render.world.WorldRendererMixin::renderBuffers is decorated with @Final but target is not final
[289月2025 19:30:01.153] [modloading-worker-0/INFO] [mixin/]: Mixing LevelRendererMixin from flywheel.impl.mixins.json into net.minecraft.client.renderer.LevelRenderer
[289月2025 19:30:01.153] [modloading-worker-0/WARN] [mixin/]: @Shadow field flywheel.impl.mixins.json:LevelRendererMixin::renderBuffers is decorated with @Final but target is not final
[289月2025 19:30:01.155] [modloading-worker-0/INFO] [mixin/]: Mixing shadows.MixinPreventRebuildNearInShadowPass from mixins.oculus.json into net.minecraft.client.renderer.LevelRenderer
[289月2025 19:30:01.155] [modloading-worker-0/INFO] [mixin/]: Mixing minecraft.WorldRendererMixin from RuOK.common.mixins.json into net.minecraft.client.renderer.LevelRenderer
[289月2025 19:30:01.155] [modloading-worker-0/INFO] [mixin/]: Renaming synthetic method lambda$onTick$0(Ljava/util/Map$Entry;)Z to md5a2e02$lambda$onTick$0$4 in RuOK.common.mixins.json:minecraft.WorldRendererMixin
[289月2025 19:30:01.164] [modloading-worker-0/WARN] [mixin/]: Write access to @Mutable @Final field MOON_LOCATION:Lnet/minecraft/resources/ResourceLocation; in sodium-extra.mixins.json:sun_moon.MixinWorldRenderer::handler$cbe000$postWorldRendererReload
[289月2025 19:30:01.164] [modloading-worker-0/WARN] [mixin/]: Write access to @Mutable @Final field SUN_LOCATION:Lnet/minecraft/resources/ResourceLocation; in sodium-extra.mixins.json:sun_moon.MixinWorldRenderer::handler$cbe000$postWorldRendererReload
[289月2025 19:30:01.164] [modloading-worker-0/WARN] [mixin/]: Write access to @Mutable @Final field MOON_LOCATION:Lnet/minecraft/resources/ResourceLocation; in sodium-extra.mixins.json:sun_moon.MixinWorldRenderer::handler$cbe000$postWorldRendererReload
[289月2025 19:30:01.164] [modloading-worker-0/WARN] [mixin/]: Write access to @Mutable @Final field SUN_LOCATION:Lnet/minecraft/resources/ResourceLocation; in sodium-extra.mixins.json:sun_moon.MixinWorldRenderer::handler$cbe000$postWorldRendererReload
[289月2025 19:30:01.565] [modloading-worker-0/WARN] [mixin/]: @Redirect conflict. Skipping forge-badoptimizations.mixins.json:MixinWorldRenderer->@Redirect::getSkyAngle(Lnet/minecraft/client/multiplayer/ClientLevel;F)F with priority 700, already redirected by citadel.mixins.json:client.LevelRendererMixin->@Redirect::citadel_getTimeOfDay(Lnet/minecraft/client/multiplayer/ClientLevel;F)F with priority 1000
[289月2025 19:30:01.595] [modloading-worker-0/INFO] [mixin/]: Mixing LoadingOverlayMixin from dynamic_fps-common.mixins.json into net.minecraft.client.gui.screens.LoadingOverlay
[289月2025 19:30:01.602] [modloading-worker-0/INFO] [mixin/]: Mixing MixinChatScreen from mixins.modernui-forge.json into net.minecraft.client.gui.screens.ChatScreen
[289月2025 19:30:01.615] [modloading-worker-0/INFO] [mixin/]: Mixing PlayerRendererAccessor from goety.mixins.json into net.minecraft.client.renderer.entity.player.PlayerRenderer
[289月2025 19:30:01.618] [modloading-worker-0/INFO] [mixin/]: Mixing client.PlayerRendererMixin from create.mixins.json into net.minecraft.client.renderer.entity.player.PlayerRenderer
[289月2025 19:30:01.632] [modloading-worker-0/INFO] [mixin/]: Mixing texture.TextureAtlasAccessor from mixins.oculus.json into net.minecraft.client.renderer.texture.TextureAtlas
[289月2025 19:30:01.643] [modloading-worker-0/INFO] [mixin/]: Mixing texture.pbr.MixinTextureAtlas from mixins.oculus.json into net.minecraft.client.renderer.texture.TextureAtlas
[289月2025 19:30:01.643] [modloading-worker-0/INFO] [mixin/]: Mixing animation.MixinSpriteAtlasTexture from sodium-extra.mixins.json into net.minecraft.client.renderer.texture.TextureAtlas
[289月2025 19:30:01.643] [modloading-worker-0/INFO] [mixin/]: Renaming synthetic method lambda$constructAnimatedSprites$5()Ljava/lang/Boolean; to md5a2e02$lambda$constructAnimatedSprites$5$0 in sodium-extra.mixins.json:animation.MixinSpriteAtlasTexture
[289月2025 19:30:01.643] [modloading-worker-0/INFO] [mixin/]: Renaming synthetic method lambda$constructAnimatedSprites$4()Ljava/lang/Boolean; to md5a2e02$lambda$constructAnimatedSprites$4$1 in sodium-extra.mixins.json:animation.MixinSpriteAtlasTexture
[289月2025 19:30:01.643] [modloading-worker-0/INFO] [mixin/]: Renaming synthetic method lambda$constructAnimatedSprites$3()Ljava/lang/Boolean; to md5a2e02$lambda$constructAnimatedSprites$3$2 in sodium-extra.mixins.json:animation.MixinSpriteAtlasTexture
[289月2025 19:30:01.643] [modloading-worker-0/INFO] [mixin/]: Renaming synthetic method lambda$constructAnimatedSprites$2()Ljava/lang/Boolean; to md5a2e02$lambda$constructAnimatedSprites$2$3 in sodium-extra.mixins.json:animation.MixinSpriteAtlasTexture
[289月2025 19:30:01.645] [modloading-worker-0/INFO] [mixin/]: Renaming synthetic method lambda$constructAnimatedSprites$1()Ljava/lang/Boolean; to md5a2e02$lambda$constructAnimatedSprites$1$4 in sodium-extra.mixins.json:animation.MixinSpriteAtlasTexture
[289月2025 19:30:01.645] [modloading-worker-0/INFO] [mixin/]: Renaming synthetic method lambda$constructAnimatedSprites$0()Ljava/lang/Boolean; to md5a2e02$lambda$constructAnimatedSprites$0$5 in sodium-extra.mixins.json:animation.MixinSpriteAtlasTexture
[289月2025 19:30:01.646] [modloading-worker-0/INFO] [mixin/]: Mixing features.textures.animations.tracking.SpriteAtlasTextureMixin from embeddium.mixins.json into net.minecraft.client.renderer.texture.TextureAtlas
[289月2025 19:30:01.646] [modloading-worker-0/INFO] [mixin/]: Mixing minecraft.SpriteAtlasTextureMixin from RuOK.common.mixins.json into net.minecraft.client.renderer.texture.TextureAtlas
[289月2025 19:30:01.677] [modloading-worker-0/INFO] [mixin/]: Mixing MixinInventoryScreen from mixins.modernui-forge.json into net.minecraft.client.gui.screens.inventory.EffectRenderingInventoryScreen
[289月2025 19:30:01.685] [modloading-worker-0/WARN] [Embeddium-MixinTaintDetector/]: Mod(s) [sodiumoptionsapi] are modifying Embeddium class me.jellysquid.mods.sodium.client.gui.options.OptionGroup, which may cause instability.
[289月2025 19:30:01.685] [modloading-worker-0/INFO] [mixin/]: Mixing sodium.OptionGroupMixin from mixins.sodiumoptionsapi.json into me.jellysquid.mods.sodium.client.gui.options.OptionGroup
[289月2025 19:30:01.687] [modloading-worker-0/INFO] [mixin/]: Mixing MixinFontRenderer from mixins.modernui-textmc.json into net.minecraft.client.gui.Font
[289月2025 19:30:01.689] [modloading-worker-0/INFO] [mixin/]: Mixing impl.fontshadow.FontMixin from mixins.sodiumextras.json into net.minecraft.client.gui.Font
[289月2025 19:30:01.689] [modloading-worker-0/INFO] [mixin/]: Mixing accessor.FontAccessor from create.mixins.json into net.minecraft.client.gui.Font
[289月2025 19:30:01.712] [modloading-worker-0/WARN] [Embeddium-MixinTaintDetector/]: Mod(s) [sodiumoptionsapi] are modifying Embeddium class me.jellysquid.mods.sodium.client.gui.options.OptionGroup$Builder, which may cause instability.
[289月2025 19:30:01.712] [modloading-worker-0/INFO] [mixin/]: Mixing sodium.OptionGroupBuilderMixin from mixins.sodiumoptionsapi.json into me.jellysquid.mods.sodium.client.gui.options.OptionGroup$Builder
[289月2025 19:30:01.729] [modloading-worker-0/INFO] [mixin/]: Mixing instant_sneak.MixinCamera from sodium-extra.mixins.json into net.minecraft.client.Camera
[289月2025 19:30:01.729] [modloading-worker-0/INFO] [mixin/]: Mixing client.CameraMixin from create.mixins.json into net.minecraft.client.Camera
[289月2025 19:30:01.749] [modloading-worker-0/INFO] [mixin/]: Mixing Chunk.FrustumMixin from flerovium.mixins.json into net.minecraft.client.renderer.culling.Frustum
[289月2025 19:30:01.752] [modloading-worker-0/INFO] [mixin/]: Mixing core.render.frustum.FrustumMixin from embeddium.mixins.json into net.minecraft.client.renderer.culling.Frustum
[289月2025 19:30:01.752] [modloading-worker-0/WARN] [mixin/]: Method overwrite conflict for sodium$createViewport in embeddium.mixins.json:core.render.frustum.FrustumMixin, previously written by com.moepus.flerovium.mixins.Chunk.FrustumMixin. Skipping method.
[289月2025 19:30:01.754] [modloading-worker-0/INFO] [mixin/]: Mixing features.gui.screen.LevelLoadingScreenMixin from embeddium.mixins.json into net.minecraft.client.gui.screens.LevelLoadingScreen
[289月2025 19:30:01.754] [modloading-worker-0/INFO] [mixin/]: Renaming synthetic method lambda$renderChunks$0(Lit/unimi/dsi/fastutil/objects/Object2IntMap$Entry;)V to md5a2e02$lambda$renderChunks$0$0 in embeddium.mixins.json:features.gui.screen.LevelLoadingScreenMixin
[289月2025 19:30:01.759] [modloading-worker-0/INFO] [mixin/]: Mixing texture.MixinAbstractTexture from mixins.oculus.json into net.minecraft.client.renderer.texture.AbstractTexture
[289月2025 19:30:01.772] [modloading-worker-0/INFO] [mixin/]: Mixing core.model.colors.ItemColorsMixin from embeddium.mixins.json into net.minecraft.client.color.item.ItemColors
[289月2025 19:30:01.772] [modloading-worker-0/ERROR] [Embeddium/]: Failed to update fingerprint
java.lang.NullPointerException: Cannot invoke "net.minecraft.client.Minecraft.getUser()" because the return value of "net.minecraft.client.Minecraft.getInstance()" is null
	at me.jellysquid.mods.sodium.client.data.fingerprint.FingerprintMeasure.create(FingerprintMeasure.java:19) ~[embeddium-0.3.31+mc1.20.1_mapped_parchment_2023.09.03-1.20.1.jar%23201!/:?]
	at me.jellysquid.mods.sodium.client.SodiumClientMod.updateFingerprint(SodiumClientMod.java:108) ~[embeddium-0.3.31+mc1.20.1_mapped_parchment_2023.09.03-1.20.1.jar%23201!/:?]
	at me.jellysquid.mods.sodium.client.SodiumClientMod.<init>(SodiumClientMod.java:48) ~[embeddium-0.3.31+mc1.20.1_mapped_parchment_2023.09.03-1.20.1.jar%23201!/:?]
	at jdk.internal.reflect.NativeConstructorAccessorImpl.newInstance0(Native Method) ~[?:?]
	at jdk.internal.reflect.NativeConstructorAccessorImpl.newInstance(NativeConstructorAccessorImpl.java:77) ~[?:?]
	at jdk.internal.reflect.DelegatingConstructorAccessorImpl.newInstance(DelegatingConstructorAccessorImpl.java:45) ~[?:?]
	at java.lang.reflect.Constructor.newInstanceWithCaller(Constructor.java:499) ~[?:?]
	at java.lang.reflect.Constructor.newInstance(Constructor.java:480) ~[?:?]
	at net.minecraftforge.fml.javafmlmod.FMLModContainer.constructMod(FMLModContainer.java:77) ~[javafmllanguage-1.20.1-47.3.22.jar%23192!/:?]
	at net.minecraftforge.fml.ModContainer.lambda$buildTransitionHandler$4(ModContainer.java:124) ~[fmlcore-1.20.1-47.3.22.jar%23195!/:?]
	at java.util.concurrent.CompletableFuture$AsyncRun.run(CompletableFuture.java:1804) ~[?:?]
	at java.util.concurrent.CompletableFuture$AsyncRun.exec(CompletableFuture.java:1796) ~[?:?]
	at java.util.concurrent.ForkJoinTask.doExec(ForkJoinTask.java:373) ~[?:?]
	at java.util.concurrent.ForkJoinPool$WorkQueue.topLevelExec(ForkJoinPool.java:1182) ~[?:?]
	at java.util.concurrent.ForkJoinPool.scan(ForkJoinPool.java:1655) ~[?:?]
	at java.util.concurrent.ForkJoinPool.runWorker(ForkJoinPool.java:1622) ~[?:?]
	at java.util.concurrent.ForkJoinWorkerThread.run(ForkJoinWorkerThread.java:165) ~[?:?]
[289月2025 19:30:01.781] [modloading-worker-0/INFO] [mixin/]: Mixing features.textures.animations.tracking.SpriteMixin from embeddium.mixins.json into net.minecraft.client.renderer.texture.TextureAtlasSprite
[289月2025 19:30:01.790] [modloading-worker-0/INFO] [mixin/]: Mixing core.model.colors.BlockColorsMixin from embeddium.mixins.json into net.minecraft.client.color.block.BlockColors
[289月2025 19:30:01.800] [modloading-worker-0/WARN] [Embeddium-MixinTaintDetector/]: Mod(s) [oculus] are modifying Embeddium class me.jellysquid.mods.sodium.client.gui.options.OptionImpl, which may cause instability.
[289月2025 19:30:01.800] [modloading-worker-0/INFO] [mixin/]: Mixing options.MixinOptionImpl from mixins.oculus.compat.sodium.json into me.jellysquid.mods.sodium.client.gui.options.OptionImpl
[289月2025 19:30:01.806] [modloading-worker-0/WARN] [Embeddium-MixinTaintDetector/]: Mod(s) [sodiumoptionsapi, ruokmod, oculus, embeddium_extra] are modifying Embeddium class me.jellysquid.mods.sodium.client.gui.SodiumOptionsGUI, which may cause instability.
[289月2025 19:30:01.806] [modloading-worker-0/INFO] [mixin/]: Mixing sodium.SodiumOptionsGuiMixin from mixins.sodiumoptionsapi.json into me.jellysquid.mods.sodium.client.gui.SodiumOptionsGUI
[289月2025 19:30:01.807] [modloading-worker-0/INFO] [mixin/]: Mixing sodium.SodiumGUIMixin from RuOK.common.mixins.json into me.jellysquid.mods.sodium.client.gui.SodiumOptionsGUI
[289月2025 19:30:01.807] [modloading-worker-0/INFO] [mixin/]: Mixing options.MixinSodiumOptionsGUI from mixins.oculus.compat.sodium.json into me.jellysquid.mods.sodium.client.gui.SodiumOptionsGUI
[289月2025 19:30:01.809] [modloading-worker-0/INFO] [mixin/]: Mixing compat.MixinSodiumOptionsGUI from sodium-extra.mixins.json into me.jellysquid.mods.sodium.client.gui.SodiumOptionsGUI
[289月2025 19:30:01.810] [modloading-worker-0/INFO] [mixin/]: Mixing sodium.scrollable_page.MixinSodiumOptionsGUI from sodium-extra.mixins.json into me.jellysquid.mods.sodium.client.gui.SodiumOptionsGUI
[289月2025 19:30:01.835] [modloading-worker-0/INFO] [com.simibubi.create.Create/]: Create 6.0.6 initializing! Commit hash: 338bfa0aec952fa51656e8f61bd621ca9b3b2e00
[289月2025 19:30:01.842] [modloading-worker-0/INFO] [mixin/]: Mixing features.model.ModelBakeryMixin from embeddium.mixins.json into net.minecraft.client.resources.model.ModelBakery
[289月2025 19:30:01.851] [modloading-worker-0/INFO] [noisium/]: Loading Noisium.
[289月2025 19:30:01.863] [modloading-worker-0/INFO] [IAS/IASMinecraft/]: IAS: Booting up... (version: 9.0.2, loader: Forge, loader version: 47.3.22, game version: 1.20.1)
[289月2025 19:30:01.866] [modloading-worker-0/INFO] [IAS/]: IAS: Initializing IAS...
[289月2025 19:30:01.877] [modloading-worker-0/INFO] [mixin/]: Mixing ConditionHackMixin from moonlight.mixins.json into net.minecraft.server.packs.resources.SimplePreparableReloadListener
[289月2025 19:30:01.922] [modloading-worker-0/INFO] [dev.architectury.networking.forge.NetworkManagerImpl/]: Registering S2C receiver with id architectury:sync_ids
[289月2025 19:30:01.926] [modloading-worker-0/INFO] [dev.architectury.networking.forge.NetworkManagerImpl/]: Registering C2S receiver with id architectury:sync_ids
[289月2025 19:30:01.926] [modloading-worker-0/INFO] [dev.architectury.networking.forge.NetworkManagerImpl/]: Registering S2C receiver with id ftbultimine:send_shape
[289月2025 19:30:01.928] [modloading-worker-0/INFO] [IAS/]: IAS: IAS has been loaded.
[289月2025 19:30:01.929] [modloading-worker-0/INFO] [mixin/]: Mixing features.model.ModelDataMixin from embeddium.mixins.json into net.minecraftforge.client.model.data.ModelData
[289月2025 19:30:01.930] [modloading-worker-0/INFO] [dev.architectury.networking.forge.NetworkManagerImpl/]: Registering C2S receiver with id ftbultimine:key_pressed
[289月2025 19:30:01.936] [modloading-worker-0/INFO] [dev.architectury.networking.forge.NetworkManagerImpl/]: Registering C2S receiver with id ftbultimine:mode_changed
[289月2025 19:30:01.937] [modloading-worker-0/INFO] [mixin/]: Mixing MixinShaderInstance from mixins.oculus.json into net.minecraft.client.renderer.ShaderInstance
[289月2025 19:30:01.939] [modloading-worker-0/INFO] [dev.architectury.networking.forge.NetworkManagerImpl/]: Registering S2C receiver with id ftbultimine:sync_config_from_server
[289月2025 19:30:01.940] [modloading-worker-0/INFO] [mixin/]: Mixing features.shader.uniform.ShaderProgramMixin from embeddium.mixins.json into net.minecraft.client.renderer.ShaderInstance
[289月2025 19:30:01.990] [modloading-worker-0/INFO] [dev.architectury.networking.forge.NetworkManagerImpl/]: Registering C2S receiver with id ftbultimine:sync_config_to_server
[289月2025 19:30:01.992] [modloading-worker-0/INFO] [dev.architectury.networking.forge.NetworkManagerImpl/]: Registering S2C receiver with id ftbultimine:edit_config
[289月2025 19:30:01.997] [modloading-worker-0/INFO] [dev.architectury.networking.forge.NetworkManagerImpl/]: Registering S2C receiver with id ftbultimine:sync_ultimine_time
[289月2025 19:30:01.998] [modloading-worker-0/INFO] [mixin/]: Mixing fog.ForgeHooksClientMixin from sodium-extra.mixins.json into net.minecraftforge.client.ForgeHooksClient
[289月2025 19:30:02.015] [modloading-worker-0/INFO] [dev.architectury.networking.forge.NetworkManagerImpl/]: Registering S2C receiver with id ftblibrary:edit_nbt
[289月2025 19:30:02.019] [modloading-worker-0/INFO] [mixin/]: Mixing core.gui.DownloadingTerrainScreenMixin from embeddium.mixins.json into net.minecraft.client.gui.screens.ReceivingLevelScreen
[289月2025 19:30:02.019] [modloading-worker-0/INFO] [dev.architectury.networking.forge.NetworkManagerImpl/]: Registering C2S receiver with id ftblibrary:edit_nbt_response
[289月2025 19:30:02.035] [modloading-worker-0/INFO] [dev.architectury.networking.forge.NetworkManagerImpl/]: Registering S2C receiver with id ftblibrary:sync_known_server_registries
[289月2025 19:30:02.039] [modloading-worker-0/INFO] [dev.architectury.networking.forge.NetworkManagerImpl/]: Registering S2C receiver with id ftblibrary:edit_config
[289月2025 19:30:02.181] [modloading-worker-0/INFO] [mixin/]: Mixing accessor.RecipeManagerAccessor from farmersdelight.mixins.json into net.minecraft.world.item.crafting.RecipeManager
[289月2025 19:30:02.230] [modloading-worker-0/INFO] [dynamic_fps/]: Dynamic FPS 3.9.5 active on Forge!
[289月2025 19:30:02.509] [modloading-worker-0/INFO] [mezz.jei.library.load.PluginCaller/]: Sending ConfigManager...
[289月2025 19:30:02.518] [modloading-worker-0/INFO] [mezz.jei.library.load.PluginCaller/]: Sending ConfigManager took 3.992 ms
[289月2025 19:30:02.606] [modloading-worker-0/INFO] [mixin/]: Mixing MixinStringSplitter from mixins.modernui-forge.json into net.minecraft.client.StringSplitter
[289月2025 19:30:02.622] [modloading-worker-0/INFO] [mixin/]: Mixing accessor.BlockLootSubProviderAccessor from create.mixins.json into net.minecraft.data.loot.BlockLootSubProvider
[289月2025 19:30:02.622] [modloading-worker-0/INFO] [mixin/]: Renaming @Accessor method create$HAS_SILK_TOUCH()Lnet/minecraft/world/level/storage/loot/predicates/LootItemCondition$Builder; to create$HAS_SILK_TOUCH_$md$5a2e02$0 in create.mixins.json:accessor.BlockLootSubProviderAccessor
[289月2025 19:30:02.632] [modloading-worker-0/INFO] [ModernUI/Core]: Created TextLayoutEngine
[289月2025 19:30:02.634] [modloading-worker-0/INFO] [ModernUI/Core]: Initialized Modern UI text engine
[289月2025 19:30:02.640] [modloading-worker-0/INFO] [ModernUI/Core]: Initialized Modern UI client
[289月2025 19:30:02.641] [modloading-worker-0/INFO] [ModernUI-MC/Init]: Initialized Modern UI
[289月2025 19:30:02.784] [modloading-worker-0/INFO] [mixin/]: Mixing MixinGameRenderer from mixins.modernui-forge.json into net.minecraft.client.renderer.GameRenderer
[289月2025 19:30:02.784] [modloading-worker-0/INFO] [mixin/]: Mixing MixinGameRenderer from mixins.modernui-textmc.json into net.minecraft.client.renderer.GameRenderer
[289月2025 19:30:02.785] [modloading-worker-0/INFO] [mixin/]: Mixing GameRendererMixin from moonlight-common.mixins.json into net.minecraft.client.renderer.GameRenderer
[289月2025 19:30:02.785] [modloading-worker-0/INFO] [mixin/]: Mixing impl.darkness.GameRendererMixin from mixins.sodiumextras.json into net.minecraft.client.renderer.GameRenderer
[289月2025 19:30:02.786] [modloading-worker-0/INFO] [mixin/]: Mixing client.accessor.GameRendererAccessor from ponder-common.mixins.json into net.minecraft.client.renderer.GameRenderer
[289月2025 19:30:02.790] [modloading-worker-0/INFO] [mixin/]: Mixing GameRendererAccessor from mixins.oculus.json into net.minecraft.client.renderer.GameRenderer
[289月2025 19:30:02.813] [modloading-worker-0/INFO] [mixin/]: Mixing MixinGameRenderer from mixins.oculus.json into net.minecraft.client.renderer.GameRenderer
[289月2025 19:30:02.825] [modloading-worker-0/INFO] [mixin/]: Mixing MixinModelViewBobbing from mixins.oculus.json into net.minecraft.client.renderer.GameRenderer
[289月2025 19:30:02.825] [modloading-worker-0/INFO] [mixin/]: Mixing prevent_shaders.MixinGameRenderer from sodium-extra.mixins.json into net.minecraft.client.renderer.GameRenderer
[289月2025 19:30:02.827] [modloading-worker-0/INFO] [mixin/]: Mixing GameRendererMixin from dynamic_fps-common.mixins.json into net.minecraft.client.renderer.GameRenderer
[289月2025 19:30:02.827] [modloading-worker-0/INFO] [mixin/]: Mixing client.GameRendererMixin from create.mixins.json into net.minecraft.client.renderer.GameRenderer
[289月2025 19:30:02.828] [modloading-worker-0/INFO] [mixin/]: Mixing features.gui.hooks.console.GameRendererMixin from embeddium.mixins.json into net.minecraft.client.renderer.GameRenderer
[289月2025 19:30:02.829] [modloading-worker-0/INFO] [mixin/]: Mixing MixinGameRenderer_NightVisionCompat from mixins.oculus.json into net.minecraft.client.renderer.GameRenderer
[289月2025 19:30:02.829] [modloading-worker-0/INFO] [mixin/]: Mixing accessors.GameRendererAccessor from forge-badoptimizations.mixins.json into net.minecraft.client.renderer.GameRenderer
[289月2025 19:30:02.833] [modloading-worker-0/INFO] [mixin/]: Mixing tick.MixinGameRenderer from forge-badoptimizations.mixins.json into net.minecraft.client.renderer.GameRenderer
[289月2025 19:30:03.162] [modloading-worker-0/INFO] [fzzy_config/]: Loaded config :particle_core_config in 979ms
[289月2025 19:30:03.169] [modloading-worker-0/INFO] [fzzy_config/]: Loaded config fzzy_config:keybinds in 1294ms
[289月2025 19:30:03.179] [modloading-worker-0/INFO] [mixin/]: Mixing MixinVertexFormatElement from mixins.oculus.vertexformat.json into com.mojang.blaze3d.vertex.VertexFormatElement
[289月2025 19:30:03.188] [modloading-worker-0/INFO] [mixin/]: Mixing MixinVertexFormat from mixins.oculus.vertexformat.json into com.mojang.blaze3d.vertex.VertexFormat
[289月2025 19:30:03.189] [modloading-worker-0/INFO] [mixin/]: Mixing features.render.immediate.buffer_builder.VertexFormatMixin from embeddium.mixins.json into com.mojang.blaze3d.vertex.VertexFormat
[289月2025 19:30:03.189] [modloading-worker-0/INFO] [mixin/]: Mixing core.render.VertexFormatAccessor from embeddium.mixins.json into com.mojang.blaze3d.vertex.VertexFormat
[289月2025 19:30:03.207] [modloading-worker-0/INFO] [mixin/]: Mixing CompositeStateAccessor from oculus-batched-entity-rendering.mixins.json into net.minecraft.client.renderer.RenderType$CompositeState
[289月2025 19:30:03.217] [modloading-worker-0/INFO] [mixin/]: Mixing Item.ItemRendererMixin from flerovium.mixins.json into net.minecraft.client.renderer.entity.ItemRenderer
[289月2025 19:30:03.220] [modloading-worker-0/INFO] [mixin/]: Mixing features.render.model.item.ItemRendererMixin from embeddium.mixins.json into net.minecraft.client.renderer.entity.ItemRenderer
[289月2025 19:30:03.221] [modloading-worker-0/INFO] [mixin/]: Mixing entity_render_context.MixinItemRenderer from mixins.oculus.json into net.minecraft.client.renderer.entity.ItemRenderer
[289月2025 19:30:03.253] [modloading-worker-0/INFO] [mixin/]: Mixing features.render.immediate.matrix_stack.VertexConsumerMixin from embeddium.mixins.json into com.mojang.blaze3d.vertex.VertexConsumer
[289月2025 19:30:03.260] [modloading-worker-0/INFO] [mixin/]: Mixing MixinTheEndPortalRenderer from mixins.oculus.json into net.minecraft.client.renderer.blockentity.TheEndPortalRenderer
[289月2025 19:30:04.353] [modloading-worker-0/INFO] [mixin/]: Mixing client.HumanoidModelMixin from citadel.mixins.json into net.minecraft.client.model.HumanoidModel
[289月2025 19:30:04.354] [modloading-worker-0/INFO] [mixin/]: Mixing ThirdPersonRendererMixin from moonlight-common.mixins.json into net.minecraft.client.model.HumanoidModel
[289月2025 19:30:04.355] [modloading-worker-0/INFO] [mixin/]: Mixing Client.HumanoidModelMixin from cataclysm.mixins.json into net.minecraft.client.model.HumanoidModel
[289月2025 19:30:04.355] [modloading-worker-0/INFO] [mixin/]: Mixing client.HumanoidModelMixin from create.mixins.json into net.minecraft.client.model.HumanoidModel
[289月2025 19:30:04.396] [modloading-worker-0/INFO] [mixin/]: Mixing accessor.AgeableListModelAccessor from create.mixins.json into net.minecraft.client.model.AgeableListModel
[289月2025 19:30:04.508] [modloading-worker-0/INFO] [mixin/]: Mixing collections.attributes.AttributeContainerMixin from lithium.mixins.json into net.minecraft.world.entity.ai.attributes.AttributeMap
[289月2025 19:30:04.509] [modloading-worker-0/WARN] [mixin/]: Write access to @Mutable @Final field attributes:Ljava/util/Map; in lithium.mixins.json:collections.attributes.AttributeContainerMixin::handler$zdf000$initCollections
[289月2025 19:30:04.509] [modloading-worker-0/WARN] [mixin/]: Write access to @Mutable @Final field dirtyAttributes:Ljava/util/Set; in lithium.mixins.json:collections.attributes.AttributeContainerMixin::handler$zdf000$initCollections
[289月2025 19:30:04.520] [modloading-worker-0/INFO] [mixin/]: Mixing ai.task.launch.BrainMixin from lithium.mixins.json into net.minecraft.world.entity.ai.Brain
[289月2025 19:30:04.523] [modloading-worker-0/INFO] [mixin/]: Mixing ai.task.memory_change_counting.BrainMixin from lithium.mixins.json into net.minecraft.world.entity.ai.Brain
[289月2025 19:30:04.523] [modloading-worker-0/INFO] [mixin/]: Mixing collections.brain.BrainMixin from lithium.mixins.json into net.minecraft.world.entity.ai.Brain
[289月2025 19:30:04.524] [modloading-worker-0/INFO] [mixin/]: Mixing accessor.BrainAccessor from moonlight-common.mixins.json into net.minecraft.world.entity.ai.Brain
[289月2025 19:30:04.532] [modloading-worker-0/WARN] [mixin/]: Write access to @Mutable @Final field memories:Ljava/util/Map; in lithium.mixins.json:collections.brain.BrainMixin::handler$zdh001$reinitializeBrainCollections
[289月2025 19:30:04.533] [modloading-worker-0/WARN] [mixin/]: Write access to @Mutable @Final field sensors:Ljava/util/Map; in lithium.mixins.json:collections.brain.BrainMixin::handler$zdh001$reinitializeBrainCollections
[289月2025 19:30:04.596] [modloading-worker-0/INFO] [mixin/]: Mixing client.MixinCommandSourceStack from architectury.mixins.json into net.minecraft.commands.CommandSourceStack
[289月2025 19:30:05.387] [main/INFO] [mixin/]: Mixing shapes.lazy_shape_context.EntityShapeContextMixin from lithium.mixins.json into net.minecraft.world.phys.shapes.EntityCollisionContext
[289月2025 19:30:05.387] [main/INFO] [mixin/]: Renaming synthetic method lambda$canWalkOnFluid$0(Lnet/minecraft/world/level/material/FluidState;)Z to md5a2e02$lambda$canWalkOnFluid$0$0 in lithium.mixins.json:shapes.lazy_shape_context.EntityShapeContextMixin
[289月2025 19:30:05.388] [main/WARN] [mixin/]: Write access to @Mutable @Final field heldItem:Lnet/minecraft/world/item/ItemStack; in lithium.mixins.json:shapes.lazy_shape_context.EntityShapeContextMixin::handler$zfp000$initFields
[289月2025 19:30:05.388] [main/WARN] [mixin/]: Write access to @Mutable @Final field canStandOnFluid:Ljava/util/function/Predicate; in lithium.mixins.json:shapes.lazy_shape_context.EntityShapeContextMixin::handler$zfp000$initFields
[289月2025 19:30:05.388] [main/WARN] [mixin/]: Write access to @Mutable @Final field heldItem:Lnet/minecraft/world/item/ItemStack; in lithium.mixins.json:shapes.lazy_shape_context.EntityShapeContextMixin::handler$zfp000$isHolding
[289月2025 19:30:05.389] [main/WARN] [mixin/]: Write access to @Mutable @Final field canStandOnFluid:Ljava/util/function/Predicate; in lithium.mixins.json:shapes.lazy_shape_context.EntityShapeContextMixin::handler$zfp000$canWalkOnFluid
[289月2025 19:30:05.389] [main/WARN] [mixin/]: Write access to @Mutable @Final field canStandOnFluid:Ljava/util/function/Predicate; in lithium.mixins.json:shapes.lazy_shape_context.EntityShapeContextMixin::handler$zfp000$canWalkOnFluid
[289月2025 19:30:06.112] [main/INFO] [mixin/]: Mixing accessor.ItemModelGeneratorsAccessor from create.mixins.json into net.minecraft.data.models.ItemModelGenerators
[289月2025 19:30:06.112] [main/INFO] [mixin/]: Renaming @Accessor method create$getGENERATED_TRIM_MODELS()Ljava/util/List; to create$getGENERATED_TRIM_MODELS_$md$5a2e02$0 in create.mixins.json:accessor.ItemModelGeneratorsAccessor
[289月2025 19:30:06.166] [main/INFO] [Moonlight/]: Initialized block sets in 13ms
[289月2025 19:30:06.480] [main/INFO] [mixin/]: Mixing MixinEditBox from mixins.modernui-forge.json into net.minecraft.client.gui.components.EditBox
[289月2025 19:30:06.484] [main/INFO] [mixin/]: Mixing MixinEditBox from mixins.modernui-textmc.json into net.minecraft.client.gui.components.EditBox
[289月2025 19:30:06.484] [main/INFO] [mixin/]: Renaming synthetic method lambda$EditBox$0(Ljava/lang/String;Ljava/lang/Integer;)Lnet/minecraft/util/FormattedCharSequence; to md5a2e02$lambda$EditBox$0$0 in mixins.modernui-textmc.json:MixinEditBox
[289月2025 19:30:06.489] [main/INFO] [mixin/]: Mixing EditBoxAccess from wthit.mixins.json into net.minecraft.client.gui.components.EditBox
[289月2025 19:30:06.504] [main/INFO] [mixin/]: Mixing EditBoxMixin from ias.mixins.json into net.minecraft.client.gui.components.EditBox
[289月2025 19:30:06.796] [main/INFO] [mixin/]: Mixing ai.raid.RaidMixin from lithium.mixins.json into net.minecraft.world.entity.raid.Raid
[289月2025 19:30:06.797] [main/INFO] [mixin/]: Mixing RaidMixin from goety.mixins.json into net.minecraft.world.entity.raid.Raid
[289月2025 19:30:06.807] [main/WARN] [mixin/]: @At("STORE" implicit Raider) has invalid IMPLICIT discriminator for opcode 23 in net/minecraft/world/entity/raid/Raid::spawnGroup(Lnet/minecraft/core/BlockPos;)V: Found 0 candidate variables but exactly 1 is required.
[289月2025 19:30:06.808] [main/WARN] [mixin/]: @At("STORE" implicit Raider) has invalid IMPLICIT discriminator for opcode 32 in net/minecraft/world/entity/raid/Raid::spawnGroup(Lnet/minecraft/core/BlockPos;)V: Found 0 candidate variables but exactly 1 is required.
[289月2025 19:30:06.808] [main/WARN] [mixin/]: @At("STORE" implicit Raider) has invalid IMPLICIT discriminator for opcode 48 in net/minecraft/world/entity/raid/Raid::spawnGroup(Lnet/minecraft/core/BlockPos;)V: Found 0 candidate variables but exactly 1 is required.
[289月2025 19:30:06.931] [main/WARN] [net.minecraft.server.packs.VanillaPackResourcesBuilder/]: Assets URL 'union:/E:/Users/97320/.gradle/caches/forge_gradle/minecraft_user_repo/net/minecraftforge/forge/1.20.1-47.3.22_mapped_parchment_2023.09.03-1.20.1/forge-1.20.1-47.3.22_mapped_parchment_2023.09.03-1.20.1-recomp.jar%23191!/assets/.mcassetsroot' uses unexpected schema
[289月2025 19:30:06.932] [main/WARN] [net.minecraft.server.packs.VanillaPackResourcesBuilder/]: Assets URL 'union:/E:/Users/97320/.gradle/caches/forge_gradle/minecraft_user_repo/net/minecraftforge/forge/1.20.1-47.3.22_mapped_parchment_2023.09.03-1.20.1/forge-1.20.1-47.3.22_mapped_parchment_2023.09.03-1.20.1-recomp.jar%23191!/data/.mcassetsroot' uses unexpected schema
[289月2025 19:30:06.950] [main/INFO] [mixin/]: Mixing MultiPackResourceManagerMixin from moonlight-common.mixins.json into net.minecraft.server.packs.resources.MultiPackResourceManager
[289月2025 19:30:06.964] [Worker-Main-1/INFO] [mixin/]: Mixing alloc.chunk_ticking.ServerChunkManagerMixin from lithium.mixins.json into net.minecraft.server.level.ServerChunkCache
[289月2025 19:30:06.965] [Worker-Main-1/INFO] [mixin/]: Mixing world.chunk_access.ServerChunkManagerMixin from lithium.mixins.json into net.minecraft.server.level.ServerChunkCache
[289月2025 19:30:06.965] [Worker-Main-1/INFO] [mixin/]: Renaming synthetic method lambda$getChunkOffThread$0(IILnet/minecraft/world/level/chunk/ChunkStatus;Z)Lnet/minecraft/world/level/chunk/ChunkAccess; to md5a2e02$lambda$getChunkOffThread$0$0 in lithium.mixins.json:world.chunk_access.ServerChunkManagerMixin
[289月2025 19:30:06.992] [Worker-Main-1/INFO] [mixin/]: Mixing MapDataMixin from moonlight-common.mixins.json into net.minecraft.world.level.saveddata.maps.MapItemSavedData
[289月2025 19:30:06.993] [Worker-Main-1/INFO] [mixin/]: Renaming synthetic method lambda$save$3(Lnet/minecraft/nbt/CompoundTag;Lnet/minecraft/resources/ResourceLocation;Lnet/mehvahdjukaar/moonlight/api/map/CustomMapData;)V to md5a2e02$lambda$save$3$0 in moonlight-common.mixins.json:MapDataMixin
[289月2025 19:30:06.993] [Worker-Main-1/INFO] [mixin/]: Renaming synthetic method lambda$load$2(Lnet/minecraft/nbt/CompoundTag;Lnet/mehvahdjukaar/moonlight/api/map/CustomMapData;)V to md5a2e02$lambda$load$2$1 in moonlight-common.mixins.json:MapDataMixin
[289月2025 19:30:06.993] [Worker-Main-1/INFO] [mixin/]: Renaming synthetic method lambda$setCustomDataDirty$1(Lnet/mehvahdjukaar/moonlight/api/map/CustomMapData$Type;Ljava/util/function/Consumer;Lnet/minecraft/world/level/saveddata/maps/MapItemSavedData$HoldingPlayer;)V to md5a2e02$lambda$setCustomDataDirty$1$2 in moonlight-common.mixins.json:MapDataMixin
[289月2025 19:30:06.993] [Worker-Main-1/INFO] [mixin/]: Renaming synthetic method lambda$setCustomDecorationsDirty$0(Lnet/minecraft/world/level/saveddata/maps/MapItemSavedData$HoldingPlayer;)V to md5a2e02$lambda$setCustomDecorationsDirty$0$3 in moonlight-common.mixins.json:MapDataMixin
[289月2025 19:30:06.998] [Worker-Main-1/INFO] [mixin/]: Mixing MapItemSavedDataMixin from create.mixins.json into net.minecraft.world.level.saveddata.maps.MapItemSavedData
[289月2025 19:30:06.998] [Worker-Main-1/WARN] [mixin/]: @Shadow field create.mixins.json:MapItemSavedDataMixin::centerX is decorated with @Final but target is not final
[289月2025 19:30:06.998] [Worker-Main-1/WARN] [mixin/]: @Shadow field create.mixins.json:MapItemSavedDataMixin::centerZ is decorated with @Final but target is not final
[289月2025 19:30:07.082] [main/INFO] [mixin/]: Mixing texture.pbr.MixinDirectoryLister from mixins.oculus.json into net.minecraft.client.renderer.texture.atlas.sources.DirectoryLister
[289月2025 19:30:07.082] [main/INFO] [mixin/]: Renaming synthetic method lambda$run$0(Lnet/minecraft/server/packs/resources/ResourceManager;Lnet/minecraft/resources/FileToIdConverter;Lnet/minecraft/client/renderer/texture/atlas/SpriteSource$Output;Lnet/minecraft/resources/ResourceLocation;Lnet/minecraft/server/packs/resources/Resource;)V to md5a2e02$lambda$run$0$0 in mixins.oculus.json:texture.pbr.MixinDirectoryLister
[289月2025 19:30:07.215] [main/INFO] [mixin/]: Mixing allocations.advancements.AdvancementRewardsMixin from saturn.mixins.json into net.minecraft.advancements.AdvancementRewards
[289月2025 19:30:07.216] [main/WARN] [mixin/]: Write access to @Mutable @Final field EMPTY:Lnet/minecraft/advancements/AdvancementRewards; in saturn.mixins.json:allocations.advancements.AdvancementRewardsMixin::handler$zzc000$cacheResourceLocation
[289月2025 19:30:07.232] [main/INFO] [mixin/]: Mixing DisplayInfoMixin from ftblibrary-common.mixins.json into net.minecraft.advancements.DisplayInfo
[289月2025 19:30:07.239] [main/INFO] [mixin/]: Mixing MixinNbtPredicate from curios.mixins.json into net.minecraft.advancements.critereon.NbtPredicate
[289月2025 19:30:07.401] [main/INFO] [net.minecraft.data.DataGenerator/]: Starting provider: Recipes
[289月2025 19:30:07.403] [main/INFO] [net.minecraft.data.DataGenerator/]: Recipes finished after 2 ms
[289月2025 19:30:07.404] [main/INFO] [net.minecraft.data.DataGenerator/]: Starting provider: Loot Tables
[289月2025 19:30:07.425] [main/INFO] [mixin/]: Mixing MixinLootDataManager from architectury.mixins.json into net.minecraft.world.level.storage.loot.LootDataManager
[289月2025 19:30:07.443] [main/INFO] [net.minecraft.data.DataGenerator/]: Loot Tables finished after 38 ms
[289月2025 19:30:07.443] [main/INFO] [net.minecraft.data.DataGenerator/]: Starting provider: Block States: goetydelight
[289月2025 19:30:07.555] [main/INFO] [mixin/]: Mixing Item.ItemTransformMixin from flerovium.mixins.json into net.minecraft.client.renderer.block.model.ItemTransform
[289月2025 19:30:07.579] [main/INFO] [net.minecraft.data.DataGenerator/]: Block States: goetydelight finished after 136 ms
[289月2025 19:30:07.579] [main/INFO] [net.minecraft.data.DataGenerator/]: Starting provider: Item Models: goetydelight
[289月2025 19:30:07.593] [main/INFO] [net.minecraft.data.DataGenerator/]: Item Models: goetydelight finished after 13 ms
[289月2025 19:30:07.593] [main/INFO] [net.minecraft.data.DataGenerator/]: Starting provider: Tags for minecraft:block mod id goetydelight
[289月2025 19:30:07.611] [main/INFO] [net.minecraft.data.DataGenerator/]: Tags for minecraft:block mod id goetydelight finished after 17 ms
[289月2025 19:30:07.611] [main/INFO] [net.minecraft.data.DataGenerator/]: Starting provider: Tags for minecraft:item mod id goetydelight
[289月2025 19:30:07.612] [main/INFO] [net.minecraft.data.DataGenerator/]: Tags for minecraft:item mod id goetydelight finished after 0 ms
[289月2025 19:30:07.612] [main/INFO] [net.minecraft.data.DataGenerator/]: All providers took: 211 ms
[289月2025 19:30:07.619] [main/INFO] [net.minecraft.data.HashCache/]: Caching: total files: 111, old count: 111, new count: 112, removed stale: 0, written: 1
